SpaceGroup,Lattice,Order,Generator,GeneratorM
P1,P,1,"x,y,z",1 0 0 0 0 1 0 0 0 0 1 0
C1,C,1,"x,y,z",1 0 0 0 0 1 0 0 0 0 1 0
F1,F,1,"x,y,z",1 0 0 0 0 1 0 0 0 0 1 0
P-1,P,2,"-x,-y,-z",-1 0 0 0 0 -1 0 0 0 0 -1 0
A-1,A,2,"-x,-y,-z",-1 0 0 0 0 -1 0 0 0 0 -1 0
B-1,B,2,"-x,-y,-z",-1 0 0 0 0 -1 0 0 0 0 -1 0
C-1,C,2,"-x,-y,-z",-1 0 0 0 0 -1 0 0 0 0 -1 0
I-1,I,2,"-x,-y,-z",-1 0 0 0 0 -1 0 0 0 0 -1 0
F-1,F,2,"-x,-y,-z",-1 0 0 0 0 -1 0 0 0 0 -1 0
P2:1,P,2,"-x,-y,z",-1 0 0 0 0 -1 0 0 0 0 1 0
A2:1,A,2,"-x,-y,z",-1 0 0 0 0 -1 0 0 0 0 1 0
B2:1,B,2,"-x,-y,z",-1 0 0 0 0 -1 0 0 0 0 1 0
C2:1,C,2,"-x,-y,z",-1 0 0 0 0 -1 0 0 0 0 1 0
I2:1,I,2,"-x,-y,z",-1 0 0 0 0 -1 0 0 0 0 1 0
F2:1,F,2,"-x,-y,z",-1 0 0 0 0 -1 0 0 0 0 1 0
P2_1:1,P,2,"-x,-y,1/2+z",-1 0 0 0 0 -1 0 0 0 0 1 1/2
Pm:1,P,2,"x,y,-z",1 0 0 0 0 1 0 0 0 0 -1 0
Pn:1,P,2,"1/2+x,1/2+y,-z",1 0 0 1/2 0 1 0 1/2 0 0 -1 0
Pa:1,P,2,"1/2+x,y,-z",1 0 0 1/2 0 1 0 0 0 0 -1 0
Pb:1,P,2,"x,1/2+y,-z",1 0 0 0 0 1 0 1/2 0 0 -1 0
Pc:1,P,2,"x,y,1/2-z",1 0 0 0 0 1 0 0 0 0 -1 1/2
Im:1,I,2,"x,y,-z",1 0 0 0 0 1 0 0 0 0 -1 0
Ia:1,I,2,"1/2+x,y,-z",1 0 0 1/2 0 1 0 0 0 0 -1 0
Ib:1,I,2,"x,1/2+y,-z",1 0 0 0 0 1 0 1/2 0 0 -1 0
Cm:1,C,2,"x,y,-z",1 0 0 0 0 1 0 0 0 0 -1 0
Cc:1,C,2,"x,y,1/2-z",1 0 0 0 0 1 0 0 0 0 -1 1/2
Fd:1,F,2,"1/4+x,1/4+y,1/4-z",1 0 0 1/4 0 1 0 1/4 0 0 -1 1/4
Aa:1,A,2,"1/2+x,y,-z",1 0 0 1/2 0 1 0 0 0 0 -1 0
Bm:1,B,2,"x,y,-z",1 0 0 0 0 1 0 0 0 0 -1 0
Bb:1,B,2,"x,1/2+y,-z",1 0 0 0 0 1 0 1/2 0 0 -1 0
P2/m:1,P,2,"-x,-y,-z",-1 0 0 0 0 -1 0 0 0 0 -1 0
P2/m:1,P,2,"x,y,-z",1 0 0 0 0 1 0 0 0 0 -1 0
P2/a:1,P,2,"-x,-y,-z",-1 0 0 0 0 -1 0 0 0 0 -1 0
P2/a:1,P,2,"1/2+x,y,-z",1 0 0 1/2 0 1 0 0 0 0 -1 0
P2/b:1,P,2,"-x,-y,-z",-1 0 0 0 0 -1 0 0 0 0 -1 0
P2/b:1,P,2,"x,1/2+y,-z",1 0 0 0 0 1 0 1/2 0 0 -1 0
P2/c:1,P,2,"-x,-y,-z",-1 0 0 0 0 -1 0 0 0 0 -1 0
P2/c:1,P,2,"x,y,1/2-z",1 0 0 0 0 1 0 0 0 0 -1 1/2
P2/n:1,P,2,"-x,-y,-z",-1 0 0 0 0 -1 0 0 0 0 -1 0
P2/n:1,P,2,"1/2+x,1/2+y,-z",1 0 0 1/2 0 1 0 1/2 0 0 -1 0
P2_1/m:1,P,2,"-x,-y,-z",-1 0 0 0 0 -1 0 0 0 0 -1 0
P2_1/m:1,P,2,"x,y,1/2-z",1 0 0 0 0 1 0 0 0 0 -1 1/2
P2_1/a:1,P,2,"-x,-y,-z",-1 0 0 0 0 -1 0 0 0 0 -1 0
P2_1/a:1,P,2,"1/2-x,-y,1/2+z",-1 0 0 1/2 0 -1 0 0 0 0 1 1/2
P2_1/b:1,P,2,"-x,-y,-z",-1 0 0 0 0 -1 0 0 0 0 -1 0
P2_1/b:1,P,2,"-x,1/2-y,1/2+z",-1 0 0 0 0 -1 0 1/2 0 0 1 1/2
P2_1/c:1,P,2,"-x,-y,-z",-1 0 0 0 0 -1 0 0 0 0 -1 0
P2_1/c:1,P,2,"x,y,-z",1 0 0 0 0 1 0 0 0 0 -1 0
P2_1/n:1,P,2,"-x,-y,-z",-1 0 0 0 0 -1 0 0 0 0 -1 0
P2_1/n:1,P,2,"1/2-x,1/2-y,1/2+z",-1 0 0 1/2 0 -1 0 1/2 0 0 1 1/2
A2/m:1,A,2,"-x,-y,-z",-1 0 0 0 0 -1 0 0 0 0 -1 0
A2/m:1,A,2,"-x,-y,z",-1 0 0 0 0 -1 0 0 0 0 1 0
A2/a:1,A,2,"-x,-y,-z",-1 0 0 0 0 -1 0 0 0 0 -1 0
A2/a:1,A,2,"1/2+x,y,-z",1 0 0 1/2 0 1 0 0 0 0 -1 0
A2/n:1,A,2,"-x,-y,-z",-1 0 0 0 0 -1 0 0 0 0 -1 0
A2/n:1,A,2,"1/2+x,1/2+y,-z",1 0 0 1/2 0 1 0 1/2 0 0 -1 0
B2_1:1,B,2,"-x,-y,1/2+z",-1 0 0 0 0 -1 0 0 0 0 1 1/2
B2/m:1,B,2,"-x,-y,-z",-1 0 0 0 0 -1 0 0 0 0 -1 0
B2/m:1,B,2,"x,y,-z",1 0 0 0 0 1 0 0 0 0 -1 0
B2/b:1,B,2,"-x,-y,-z",-1 0 0 0 0 -1 0 0 0 0 -1 0
B2/b:1,B,2,"x,1/2+y,-z",1 0 0 0 0 1 0 1/2 0 0 -1 0
B2_1/d:1,B,2,"-x,-y,-z",-1 0 0 0 0 -1 0 0 0 0 -1 0
B2_1/d:1,B,2,"3/4+x,3/4+y,1/2-z",1 0 0 3/4 0 1 0 3/4 0 0 -1 1/2
B2_1/m:1,B,2,"-x,-y,-z",-1 0 0 0 0 -1 0 0 0 0 -1 0
B2_1/m:1,B,2,"-x,-y,1/2+z",-1 0 0 0 0 -1 0 0 0 0 1 1/2
C2_1:1,C,2,"-x,1/2-y,1/2+z",-1 0 0 0 0 -1 0 1/2 0 0 1 1/2
C2/m:1,C,2,"-x,-y,-z",-1 0 0 0 0 -1 0 0 0 0 -1 0
C2/m:1,C,2,"-x,-y,z",-1 0 0 0 0 -1 0 0 0 0 1 0
C2/a:1,C,2,"-x,-y,-z",-1 0 0 0 0 -1 0 0 0 0 -1 0
C2/a:1,C,2,"1/2-x,-y,z",-1 0 0 1/2 0 -1 0 0 0 0 1 0
C2/c:1,C,2,"-x,-y,-z",-1 0 0 0 0 -1 0 0 0 0 -1 0
C2/c:1,C,2,"x,y,1/2-z",1 0 0 0 0 1 0 0 0 0 -1 1/2
I2/m:1,I,2,"-x,-y,-z",-1 0 0 0 0 -1 0 0 0 0 -1 0
I2/m:1,I,2,"-x,-y,z",-1 0 0 0 0 -1 0 0 0 0 1 0
I2/a:1,I,2,"-x,-y,-z",-1 0 0 0 0 -1 0 0 0 0 -1 0
I2/a:1,I,2,"1/2+x,y,-z",1 0 0 1/2 0 1 0 0 0 0 -1 0
I2/b:1,I,2,"-x,-y,-z",-1 0 0 0 0 -1 0 0 0 0 -1 0
I2/b:1,I,2,"x,1/2+y,-z",1 0 0 0 0 1 0 1/2 0 0 -1 0
I2/c:1,I,2,"-x,-y,-z",-1 0 0 0 0 -1 0 0 0 0 -1 0
I2/c:1,I,2,"-x,-y,1/2+z",-1 0 0 0 0 -1 0 0 0 0 1 1/2
F2/m:1,F,2,"-x,-y,-z",-1 0 0 0 0 -1 0 0 0 0 -1 0
F2/m:1,F,2,"-x,-y,z",-1 0 0 0 0 -1 0 0 0 0 1 0
F2/d:1,F,2,"1/2-x,-y,1/2-z",-1 0 0 1/2 0 -1 0 0 0 0 -1 1/2
F2/d:1,F,2,"3/4-x,3/4-y,z",-1 0 0 3/4 0 -1 0 3/4 0 0 1 0
P2:2,P,2,"-x,y,-z",-1 0 0 0 0 1 0 0 0 0 -1 0
A2:2,A,2,"-x,y,-z",-1 0 0 0 0 1 0 0 0 0 -1 0
B2:2,B,2,"-x,y,-z",-1 0 0 0 0 1 0 0 0 0 -1 0
C2:2,C,2,"-x,y,-z",-1 0 0 0 0 1 0 0 0 0 -1 0
I2:2,I,2,"-x,y,-z",-1 0 0 0 0 1 0 0 0 0 -1 0
F2:2,F,2,"-x,y,-z",-1 0 0 0 0 1 0 0 0 0 -1 0
P2_1:2,P,2,"-x,1/2+y,-z",-1 0 0 0 0 1 0 1/2 0 0 -1 0
Pm:2,P,2,"x,-y,z",1 0 0 0 0 -1 0 0 0 0 1 0
Pn:2,P,2,"1/2+x,-y,1/2+z",1 0 0 1/2 0 -1 0 0 0 0 1 1/2
Pa:2,P,2,"1/2+x,-y,z",1 0 0 1/2 0 -1 0 0 0 0 1 0
Pb:2,P,2,"x,-y,1/2+z",1 0 0 0 0 -1 0 0 0 0 1 1/2
Pc:2,P,2,"x,-y,1/2+z",1 0 0 0 0 -1 0 0 0 0 1 1/2
Im:2,I,2,"x,-y,z",1 0 0 0 0 -1 0 0 0 0 1 0
Ia:2,I,2,"1/2+x,-y,z",1 0 0 1/2 0 -1 0 0 0 0 1 0
Ib:2,I,2,"x,1/2-y,z",1 0 0 0 0 -1 0 1/2 0 0 1 0
Cm:2,C,2,"x,-y,z",1 0 0 0 0 -1 0 0 0 0 1 0
Cc:2,C,2,"x,-y,1/2+z",1 0 0 0 0 -1 0 0 0 0 1 1/2
Fd:2,F,2,"1/4+x,1/4-y,1/4+z",1 0 0 1/4 0 -1 0 1/4 0 0 1 1/4
Aa:2,A,2,"1/2+x,-y,z",1 0 0 1/2 0 -1 0 0 0 0 1 0
Bm:2,B,2,"x,-y,z",1 0 0 0 0 -1 0 0 0 0 1 0
Bb:2,B,2,"x,-y,1/2+z",1 0 0 0 0 -1 0 0 0 0 1 1/2
P2/m:2,P,2,"-x,-y,-z",-1 0 0 0 0 -1 0 0 0 0 -1 0
P2/m:2,P,2,"-x,y,-z",-1 0 0 0 0 1 0 0 0 0 -1 0
P2/a:2,P,2,"-x,-y,-z",-1 0 0 0 0 -1 0 0 0 0 -1 0
P2/a:2,P,2,"1/2+x,-y,z",1 0 0 1/2 0 -1 0 0 0 0 1 0
P2/c:2,P,2,"-x,-y,-z",-1 0 0 0 0 -1 0 0 0 0 -1 0
P2/c:2,P,2,"-x,y,1/2-z",-1 0 0 0 0 1 0 0 0 0 -1 1/2
P2/n:2,P,2,"-x,-y,-z",-1 0 0 0 0 -1 0 0 0 0 -1 0
P2/n:2,P,2,"1/2+x,-y,1/2+z",1 0 0 1/2 0 -1 0 0 0 0 1 1/2
P2_1/m:2,P,2,"-x,-y,-z",-1 0 0 0 0 -1 0 0 0 0 -1 0
P2_1/m:2,P,2,"-x,1/2+y,-z",-1 0 0 0 0 1 0 1/2 0 0 -1 0
P2_1/a:2,P,2,"-x,-y,-z",-1 0 0 0 0 -1 0 0 0 0 -1 0
P2_1/a:2,P,2,"1/2-x,1/2+y,-z",-1 0 0 1/2 0 1 0 1/2 0 0 -1 0
P2_1/b:2,P,2,"-x,-y,-z",-1 0 0 0 0 -1 0 0 0 0 -1 0
P2_1/b:2,P,2,"x,-y,z",1 0 0 0 0 -1 0 0 0 0 1 0
P2_1/c:2,P,2,"-x,-y,-z",-1 0 0 0 0 -1 0 0 0 0 -1 0
P2_1/c:2,P,2,"-x,1/2+y,1/2-z",-1 0 0 0 0 1 0 1/2 0 0 -1 1/2
P2_1/n:2,P,2,"-x,-y,-z",-1 0 0 0 0 -1 0 0 0 0 -1 0
P2_1/n:2,P,2,"1/2-x,1/2+y,1/2-z",-1 0 0 1/2 0 1 0 1/2 0 0 -1 1/2
A2/m:2,A,2,"-x,-y,-z",-1 0 0 0 0 -1 0 0 0 0 -1 0
A2/m:2,A,2,"x,-y,z",1 0 0 0 0 -1 0 0 0 0 1 0
A2/a:2,A,2,"-x,-y,-z",-1 0 0 0 0 -1 0 0 0 0 -1 0
A2/a:2,A,2,"1/2-x,y,-z",-1 0 0 1/2 0 1 0 0 0 0 -1 0
A2/n:2,A,2,"-x,-y,-z",-1 0 0 0 0 -1 0 0 0 0 -1 0
A2/n:2,A,2,"1/2+x,-y,1/2+z",1 0 0 1/2 0 -1 0 0 0 0 1 1/2
B2_1:2,B,2,"-x,1/2+y,-z",-1 0 0 0 0 1 0 1/2 0 0 -1 0
B2/m:2,B,2,"-x,-y,-z",-1 0 0 0 0 -1 0 0 0 0 -1 0
B2/m:2,B,2,"-x,y,-z",-1 0 0 0 0 1 0 0 0 0 -1 0
B2/b:2,B,2,"-x,-y,-z",-1 0 0 0 0 -1 0 0 0 0 -1 0
B2/b:2,B,2,"-x,y,1/2-z",-1 0 0 0 0 1 0 0 0 0 -1 1/2
B2_1/d:2,B,2,"-x,-y,-z",-1 0 0 0 0 -1 0 0 0 0 -1 0
B2_1/d:2,B,2,"3/4+x,1/2-y,3/4+z",1 0 0 3/4 0 -1 0 1/2 0 0 1 3/4
B2_1/m:2,B,2,"-x,-y,-z",-1 0 0 0 0 -1 0 0 0 0 -1 0
B2_1/m:2,B,2,"-x,1/2+y,-z",-1 0 0 0 0 1 0 1/2 0 0 -1 0
C2_1:2,C,2,"-x,1/2+y,-z",-1 0 0 0 0 1 0 1/2 0 0 -1 0
C2/m:2,C,2,"-x,-y,-z",-1 0 0 0 0 -1 0 0 0 0 -1 0
C2/m:2,C,2,"-x,y,-z",-1 0 0 0 0 1 0 0 0 0 -1 0
C2/a:2,C,2,"-x,-y,-z",-1 0 0 0 0 -1 0 0 0 0 -1 0
C2/a:2,C,2,"1/2+x,-y,z",1 0 0 1/2 0 -1 0 0 0 0 1 0
C2/c:2,C,2,"-x,-y,-z",-1 0 0 0 0 -1 0 0 0 0 -1 0
C2/c:2,C,2,"-x,y,1/2-z",-1 0 0 0 0 1 0 0 0 0 -1 1/2
I2/m:2,I,2,"-x,-y,-z",-1 0 0 0 0 -1 0 0 0 0 -1 0
I2/m:2,I,2,"-x,y,-z",-1 0 0 0 0 1 0 0 0 0 -1 0
I2/a:2,I,2,"-x,-y,-z",-1 0 0 0 0 -1 0 0 0 0 -1 0
I2/a:2,I,2,"1/2+x,-y,z",1 0 0 1/2 0 -1 0 0 0 0 1 0
I2/b:2,I,2,"-x,-y,-z",-1 0 0 0 0 -1 0 0 0 0 -1 0
I2/b:2,I,2,"x,1/2-y,z",1 0 0 0 0 -1 0 1/2 0 0 1 0
I2/c:2,I,2,"-x,-y,-z",-1 0 0 0 0 -1 0 0 0 0 -1 0
I2/c:2,I,2,"-x,y,1/2-z",-1 0 0 0 0 1 0 0 0 0 -1 1/2
F2/m:2,F,2,"-x,-y,-z",-1 0 0 0 0 -1 0 0 0 0 -1 0
F2/m:2,F,2,"-x,y,-z",-1 0 0 0 0 1 0 0 0 0 -1 0
F2/d:2,F,2,"1/2-x,-y,1/2-z",-1 0 0 1/2 0 -1 0 0 0 0 -1 1/2
F2/d:2,F,2,"3/4-x,y,3/4-z",-1 0 0 3/4 0 1 0 0 0 0 -1 3/4
P2:3,P,2,"x,-y,-z",1 0 0 0 0 -1 0 0 0 0 -1 0
A2:3,A,2,"x,-y,-z",1 0 0 0 0 -1 0 0 0 0 -1 0
B2:3,B,2,"x,-y,-z",1 0 0 0 0 -1 0 0 0 0 -1 0
C2:3,C,2,"x,-y,-z",1 0 0 0 0 -1 0 0 0 0 -1 0
I2:3,I,2,"x,-y,-z",1 0 0 0 0 -1 0 0 0 0 -1 0
F2:3,F,2,"x,-y,-z",1 0 0 0 0 -1 0 0 0 0 -1 0
P2_1:3,P,2,"1/2+x,-y,-z",1 0 0 1/2 0 -1 0 0 0 0 -1 0
Pm:3,P,2,"-x,y,z",-1 0 0 0 0 1 0 0 0 0 1 0
Pn:3,P,2,"-x,1/2+y,1/2+z",-1 0 0 0 0 1 0 1/2 0 0 1 1/2
Pa:3,P,2,"1/2-x,y,z",-1 0 0 1/2 0 1 0 0 0 0 1 0
Pb:3,P,2,"-x,1/2+y,z",-1 0 0 0 0 1 0 1/2 0 0 1 0
Pc:3,P,2,"-x,y,1/2+z",-1 0 0 0 0 1 0 0 0 0 1 1/2
Im:3,I,2,"-x,y,z",-1 0 0 0 0 1 0 0 0 0 1 0
Ia:3,I,2,"1/2-x,y,z",-1 0 0 1/2 0 1 0 0 0 0 1 0
Ib:3,I,2,"-x,1/2+y,z",-1 0 0 0 0 1 0 1/2 0 0 1 0
Cm:3,C,2,"-x,y,z",-1 0 0 0 0 1 0 0 0 0 1 0
Cc:3,C,2,"-x,y,1/2+z",-1 0 0 0 0 1 0 0 0 0 1 1/2
Fd:3,F,2,"1/4-x,1/4+y,1/4+z",-1 0 0 1/4 0 1 0 1/4 0 0 1 1/4
Aa:3,A,2,"1/2-x,y,z",-1 0 0 1/2 0 1 0 0 0 0 1 0
Bm:3,B,2,"-x,y,z",-1 0 0 0 0 1 0 0 0 0 1 0
Bb:3,B,2,"-x,1/2+y,z",-1 0 0 0 0 1 0 1/2 0 0 1 0
P2/m:3,P,2,"-x,-y,-z",-1 0 0 0 0 -1 0 0 0 0 -1 0
P2/m:3,P,2,"-x,y,z",-1 0 0 0 0 1 0 0 0 0 1 0
P2/a:3,P,2,"-x,-y,-z",-1 0 0 0 0 -1 0 0 0 0 -1 0
P2/a:3,P,2,"1/2-x,y,z",-1 0 0 1/2 0 1 0 0 0 0 1 0
P2/b:3,P,2,"-x,-y,-z",-1 0 0 0 0 -1 0 0 0 0 -1 0
P2/b:3,P,2,"-x,1/2+y,z",-1 0 0 0 0 1 0 1/2 0 0 1 0
P2/c:3,P,2,"-x,-y,-z",-1 0 0 0 0 -1 0 0 0 0 -1 0
P2/c:3,P,2,"-x,y,1/2+z",-1 0 0 0 0 1 0 0 0 0 1 1/2
P2/n:3,P,2,"-x,-y,-z",-1 0 0 0 0 -1 0 0 0 0 -1 0
P2/n:3,P,2,"-x,1/2+y,1/2+z",-1 0 0 0 0 1 0 1/2 0 0 1 1/2
P2_1/m:3,P,2,"-x,-y,-z",-1 0 0 0 0 -1 0 0 0 0 -1 0
P2_1/m:3,P,2,"1/2+x,-y,-z",1 0 0 1/2 0 -1 0 0 0 0 -1 0
P2_1/a:3,P,2,"-x,-y,-z",-1 0 0 0 0 -1 0 0 0 0 -1 0
P2_1/a:3,P,2,"1/2-x,1/2+y,z",-1 0 0 1/2 0 1 0 1/2 0 0 1 0
P2_1/b:3,P,2,"-x,-y,-z",-1 0 0 0 0 -1 0 0 0 0 -1 0
P2_1/b:3,P,2,"1/2+x,1/2-y,-z",1 0 0 1/2 0 -1 0 1/2 0 0 -1 0
P2_1/c:3,P,2,"-x,-y,-z",-1 0 0 0 0 -1 0 0 0 0 -1 0
P2_1/c:3,P,2,"-x,1/2+y,1/2+z",-1 0 0 0 0 1 0 1/2 0 0 1 1/2
P2_1/n:3,P,2,"-x,-y,-z",-1 0 0 0 0 -1 0 0 0 0 -1 0
P2_1/n:3,P,2,"1/2-x,1/2+y,1/2+z",-1 0 0 1/2 0 1 0 1/2 0 0 1 1/2
A2/m:3,A,2,"-x,-y,-z",-1 0 0 0 0 -1 0 0 0 0 -1 0
A2/m:3,A,2,"x,-y,-z",1 0 0 0 0 -1 0 0 0 0 -1 0
A2/a:3,A,2,"-x,-y,-z",-1 0 0 0 0 -1 0 0 0 0 -1 0
A2/a:3,A,2,"1/2-x,y,z",-1 0 0 1/2 0 1 0 0 0 0 1 0
A2/n:3,A,2,"-x,-y,-z",-1 0 0 0 0 -1 0 0 0 0 -1 0
A2/n:3,A,2,"-x,1/2+y,1/2+z",-1 0 0 0 0 1 0 1/2 0 0 1 1/2
B2_1:3,B,2,"1/2+x,-y,-z",1 0 0 1/2 0 -1 0 0 0 0 -1 0
B2/m:3,B,2,"-x,-y,-z",-1 0 0 0 0 -1 0 0 0 0 -1 0
B2/m:3,B,2,"-x,y,z",-1 0 0 0 0 1 0 0 0 0 1 0
B2/b:3,B,2,"-x,-y,-z",-1 0 0 0 0 -1 0 0 0 0 -1 0
B2/b:3,B,2,"-x,1/2+y,z",-1 0 0 0 0 1 0 1/2 0 0 1 0
B2_1/d:3,B,2,"-x,-y,-z",-1 0 0 0 0 -1 0 0 0 0 -1 0
B2_1/d:3,B,2,"1/2-x,3/4+y,3/4+z",-1 0 0 1/2 0 1 0 3/4 0 0 1 3/4
B2_1/m:3,B,2,"-x,-y,-z",-1 0 0 0 0 -1 0 0 0 0 -1 0
B2_1/m:3,B,2,"1/2+x,-y,-z",1 0 0 1/2 0 -1 0 0 0 0 -1 0
C2_1:3,C,2,"1/2+x,-y,-z",1 0 0 1/2 0 -1 0 0 0 0 -1 0
C2/m:3,C,2,"-x,-y,-z",-1 0 0 0 0 -1 0 0 0 0 -1 0
C2/m:3,C,2,"x,-y,-z",1 0 0 0 0 -1 0 0 0 0 -1 0
C2/a:3,C,2,"-x,-y,-z",-1 0 0 0 0 -1 0 0 0 0 -1 0
C2/a:3,C,2,"1/2-x,y,z",-1 0 0 1/2 0 1 0 0 0 0 1 0
C2/c:3,C,2,"-x,-y,-z",-1 0 0 0 0 -1 0 0 0 0 -1 0
C2/c:3,C,2,"-x,y,1/2+z",-1 0 0 0 0 1 0 0 0 0 1 1/2
I2/m:3,I,2,"-x,-y,-z",-1 0 0 0 0 -1 0 0 0 0 -1 0
I2/m:3,I,2,"x,-y,-z",1 0 0 0 0 -1 0 0 0 0 -1 0
I2/a:3,I,2,"-x,-y,-z",-1 0 0 0 0 -1 0 0 0 0 -1 0
I2/a:3,I,2,"1/2-x,y,z",-1 0 0 1/2 0 1 0 0 0 0 1 0
I2/b:3,I,2,"-x,-y,-z",-1 0 0 0 0 -1 0 0 0 0 -1 0
I2/b:3,I,2,"-x,1/2+y,z",-1 0 0 0 0 1 0 1/2 0 0 1 0
I2/c:3,I,2,"-x,-y,-z",-1 0 0 0 0 -1 0 0 0 0 -1 0
I2/c:3,I,2,"-x,y,1/2+z",-1 0 0 0 0 1 0 0 0 0 1 1/2
F2/m:3,F,2,"-x,-y,-z",-1 0 0 0 0 -1 0 0 0 0 -1 0
F2/m:3,F,2,"x,-y,-z",1 0 0 0 0 -1 0 0 0 0 -1 0
F2/d:3,F,2,"1/2-x,-y,1/2-z",-1 0 0 1/2 0 -1 0 0 0 0 -1 1/2
F2/d:3,F,2,"x,3/4-y,3/4-z",1 0 0 0 0 -1 0 3/4 0 0 -1 3/4
C-42b,C,4,"y,-x,-z",0 1 0 0 -1 0 0 0 0 0 -1 0
C-42b,C,2,"1/2+x,-y,-z",1 0 0 1/2 0 -1 0 0 0 0 -1 0
C2_1/d,C,2,"-x,-y,-z",-1 0 0 0 0 -1 0 0 0 0 -1 0
C2_1/d,C,2,"1/4-x,1/4-y,1/2+z",-1 0 0 1/4 0 -1 0 1/4 0 0 1 1/2
F-4d2,F,4,"y,-x,-z",0 1 0 0 -1 0 0 0 0 0 -1 0
F-4d2,F,2,"1/4+x,1/4-y,3/4+z",1 0 0 1/4 0 -1 0 1/4 0 0 1 3/4
Fdd,F,2,"1/4+x,1/4-y,3/4+z",1 0 0 1/4 0 -1 0 1/4 0 0 1 3/4
Fdd,F,2,"-x,-y,z",-1 0 0 0 0 -1 0 0 0 0 1 0
P222,P,2,"-x,-y,z",-1 0 0 0 0 -1 0 0 0 0 1 0
P222,P,2,"x,-y,-z",1 0 0 0 0 -1 0 0 0 0 -1 0
P222_1,P,2,"-x,-y,1/2+z",-1 0 0 0 0 -1 0 0 0 0 1 1/2
P222_1,P,2,"x,-y,-z",1 0 0 0 0 -1 0 0 0 0 -1 0
P2_12_12,P,2,"-x,-y,z",-1 0 0 0 0 -1 0 0 0 0 1 0
P2_12_12,P,2,"1/2+x,1/2-y,-z",1 0 0 1/2 0 -1 0 1/2 0 0 -1 0
P2_12_12_1,P,2,"1/2-x,-y,1/2+z",-1 0 0 1/2 0 -1 0 0 0 0 1 1/2
P2_12_12_1,P,2,"1/2+x,1/2-y,-z",1 0 0 1/2 0 -1 0 1/2 0 0 -1 0
C222_1,C,2,"-x,-y,1/2+z",-1 0 0 0 0 -1 0 0 0 0 1 1/2
C222_1,C,2,"x,-y,-z",1 0 0 0 0 -1 0 0 0 0 -1 0
C222,C,2,"-x,-y,z",-1 0 0 0 0 -1 0 0 0 0 1 0
C222,C,2,"x,-y,-z",1 0 0 0 0 -1 0 0 0 0 -1 0
F222,F,2,"-x,-y,z",-1 0 0 0 0 -1 0 0 0 0 1 0
F222,F,2,"x,-y,-z",1 0 0 0 0 -1 0 0 0 0 -1 0
I222,I,2,"-x,-y,z",-1 0 0 0 0 -1 0 0 0 0 1 0
I222,I,2,"x,-y,-z",1 0 0 0 0 -1 0 0 0 0 -1 0
I2_12_12_1,I,2,"1/2-x,-y,1/2+z",-1 0 0 1/2 0 -1 0 0 0 0 1 1/2
I2_12_12_1,I,2,"1/2+x,1/2-y,-z",1 0 0 1/2 0 -1 0 1/2 0 0 -1 0
Pmm2,P,2,"-x,-y,z",-1 0 0 0 0 -1 0 0 0 0 1 0
Pmm2,P,2,"-x,y,z",-1 0 0 0 0 1 0 0 0 0 1 0
Pmc2_1,P,2,"-x,-y,1/2+z",-1 0 0 0 0 -1 0 0 0 0 1 1/2
Pmc2_1,P,2,"-x,y,z",-1 0 0 0 0 1 0 0 0 0 1 0
Pcc2,P,2,"-x,-y,z",-1 0 0 0 0 -1 0 0 0 0 1 0
Pcc2,P,2,"-x,y,1/2+z",-1 0 0 0 0 1 0 0 0 0 1 1/2
Pma2,P,2,"-x,-y,z",-1 0 0 0 0 -1 0 0 0 0 1 0
Pma2,P,2,"1/2-x,y,z",-1 0 0 1/2 0 1 0 0 0 0 1 0
Pca2_1,P,2,"-x,-y,1/2+z",-1 0 0 0 0 -1 0 0 0 0 1 1/2
Pca2_1,P,2,"1/2-x,y,1/2+z",-1 0 0 1/2 0 1 0 0 0 0 1 1/2
Pnc2,P,2,"-x,-y,z",-1 0 0 0 0 -1 0 0 0 0 1 0
Pnc2,P,2,"-x,1/2+y,1/2+z",-1 0 0 0 0 1 0 1/2 0 0 1 1/2
Pmn2_1,P,2,"1/2-x,-y,1/2+z",-1 0 0 1/2 0 -1 0 0 0 0 1 1/2
Pmn2_1,P,2,"-x,y,z",-1 0 0 0 0 1 0 0 0 0 1 0
Pba2,P,2,"-x,-y,z",-1 0 0 0 0 -1 0 0 0 0 1 0
Pba2,P,2,"1/2-x,1/2+y,z",-1 0 0 1/2 0 1 0 1/2 0 0 1 0
Pna2_1,P,2,"-x,-y,1/2+z",-1 0 0 0 0 -1 0 0 0 0 1 1/2
Pna2_1,P,2,"1/2-x,1/2+y,1/2+z",-1 0 0 1/2 0 1 0 1/2 0 0 1 1/2
Pnn2,P,2,"-x,-y,z",-1 0 0 0 0 -1 0 0 0 0 1 0
Pnn2,P,2,"1/2-x,1/2+y,1/2+z",-1 0 0 1/2 0 1 0 1/2 0 0 1 1/2
Cmm2,C,2,"-x,-y,z",-1 0 0 0 0 -1 0 0 0 0 1 0
Cmm2,C,2,"-x,y,z",-1 0 0 0 0 1 0 0 0 0 1 0
Cmc2_1,C,2,"-x,-y,1/2+z",-1 0 0 0 0 -1 0 0 0 0 1 1/2
Cmc2_1,C,2,"-x,y,z",-1 0 0 0 0 1 0 0 0 0 1 0
Ccc2,C,2,"-x,-y,z",-1 0 0 0 0 -1 0 0 0 0 1 0
Ccc2,C,2,"-x,y,1/2+z",-1 0 0 0 0 1 0 0 0 0 1 1/2
Amm2,A,2,"-x,-y,z",-1 0 0 0 0 -1 0 0 0 0 1 0
Amm2,A,2,"-x,y,z",-1 0 0 0 0 1 0 0 0 0 1 0
Abm2,A,2,"-x,-y,z",-1 0 0 0 0 -1 0 0 0 0 1 0
Abm2,A,2,"-x,1/2+y,z",-1 0 0 0 0 1 0 1/2 0 0 1 0
Ama2,A,2,"-x,-y,z",-1 0 0 0 0 -1 0 0 0 0 1 0
Ama2,A,2,"1/2-x,y,z",-1 0 0 1/2 0 1 0 0 0 0 1 0
Aba2,A,2,"-x,-y,z",-1 0 0 0 0 -1 0 0 0 0 1 0
Aba2,A,2,"1/2-x,1/2+y,z",-1 0 0 1/2 0 1 0 1/2 0 0 1 0
Fmm2,F,2,"-x,-y,z",-1 0 0 0 0 -1 0 0 0 0 1 0
Fmm2,F,2,"-x,y,z",-1 0 0 0 0 1 0 0 0 0 1 0
Fdd2,F,2,"-x,-y,z",-1 0 0 0 0 -1 0 0 0 0 1 0
Fdd2,F,2,"1/4-x,1/4+y,1/4+z",-1 0 0 1/4 0 1 0 1/4 0 0 1 1/4
Imm2,I,2,"-x,-y,z",-1 0 0 0 0 -1 0 0 0 0 1 0
Imm2,I,2,"-x,y,z",-1 0 0 0 0 1 0 0 0 0 1 0
Iba2,I,2,"-x,-y,z",-1 0 0 0 0 -1 0 0 0 0 1 0
Iba2,I,2,"-x,y,1/2+z",-1 0 0 0 0 1 0 0 0 0 1 1/2
Ima2,I,2,"-x,-y,z",-1 0 0 0 0 -1 0 0 0 0 1 0
Ima2,I,2,"1/2-x,y,z",-1 0 0 1/2 0 1 0 0 0 0 1 0
Pmmm,P,2,"-x,-y,-z",-1 0 0 0 0 -1 0 0 0 0 -1 0
Pmmm,P,2,"-x,-y,z",-1 0 0 0 0 -1 0 0 0 0 1 0
Pmmm,P,2,"x,-y,-z",1 0 0 0 0 -1 0 0 0 0 -1 0
Pnnn,P,2,"1/2-x,1/2-y,1/2-z",-1 0 0 1/2 0 -1 0 1/2 0 0 -1 1/2
Pnnn,P,2,"-x,-y,z",-1 0 0 0 0 -1 0 0 0 0 1 0
Pnnn,P,2,"x,-y,-z",1 0 0 0 0 -1 0 0 0 0 -1 0
Pccm,P,2,"-x,-y,-z",-1 0 0 0 0 -1 0 0 0 0 -1 0
Pccm,P,2,"-x,-y,z",-1 0 0 0 0 -1 0 0 0 0 1 0
Pccm,P,2,"x,-y,1/2-z",1 0 0 0 0 -1 0 0 0 0 -1 1/2
Pban,P,2,"1/2-x,1/2-y,-z",-1 0 0 1/2 0 -1 0 1/2 0 0 -1 0
Pban,P,2,"-x,-y,z",-1 0 0 0 0 -1 0 0 0 0 1 0
Pban,P,2,"x,-y,-z",1 0 0 0 0 -1 0 0 0 0 -1 0
Pmma,P,2,"-x,-y,-z",-1 0 0 0 0 -1 0 0 0 0 -1 0
Pmma,P,2,"1/2-x,-y,z",-1 0 0 1/2 0 -1 0 0 0 0 1 0
Pmma,P,2,"1/2+x,-y,-z",1 0 0 1/2 0 -1 0 0 0 0 -1 0
Pnna,P,2,"-x,-y,-z",-1 0 0 0 0 -1 0 0 0 0 -1 0
Pnna,P,2,"1/2-x,-y,z",-1 0 0 1/2 0 -1 0 0 0 0 1 0
Pnna,P,2,"x,1/2-y,1/2-z",1 0 0 0 0 -1 0 1/2 0 0 -1 1/2
Pmna,P,2,"-x,-y,-z",-1 0 0 0 0 -1 0 0 0 0 -1 0
Pmna,P,2,"1/2-x,-y,1/2+z",-1 0 0 1/2 0 -1 0 0 0 0 1 1/2
Pmna,P,2,"x,-y,-z",1 0 0 0 0 -1 0 0 0 0 -1 0
Pcca,P,2,"-x,-y,-z",-1 0 0 0 0 -1 0 0 0 0 -1 0
Pcca,P,2,"1/2-x,-y,z",-1 0 0 1/2 0 -1 0 0 0 0 1 0
Pcca,P,2,"1/2+x,-y,1/2-z",1 0 0 1/2 0 -1 0 0 0 0 -1 1/2
Pbam,P,2,"-x,-y,-z",-1 0 0 0 0 -1 0 0 0 0 -1 0
Pbam,P,2,"-x,-y,z",-1 0 0 0 0 -1 0 0 0 0 1 0
Pbam,P,2,"1/2+x,1/2-y,-z",1 0 0 1/2 0 -1 0 1/2 0 0 -1 0
Pccn,P,2,"-x,-y,-z",-1 0 0 0 0 -1 0 0 0 0 -1 0
Pccn,P,2,"1/2-x,1/2-y,z",-1 0 0 1/2 0 -1 0 1/2 0 0 1 0
Pccn,P,2,"1/2+x,-y,1/2-z",1 0 0 1/2 0 -1 0 0 0 0 -1 1/2
Pbcm,P,2,"-x,-y,-z",-1 0 0 0 0 -1 0 0 0 0 -1 0
Pbcm,P,2,"-x,-y,1/2+z",-1 0 0 0 0 -1 0 0 0 0 1 1/2
Pbcm,P,2,"x,1/2-y,-z",1 0 0 0 0 -1 0 1/2 0 0 -1 0
Pnnm,P,2,"-x,-y,-z",-1 0 0 0 0 -1 0 0 0 0 -1 0
Pnnm,P,2,"-x,-y,z",-1 0 0 0 0 -1 0 0 0 0 1 0
Pnnm,P,2,"1/2+x,1/2-y,1/2-z",1 0 0 1/2 0 -1 0 1/2 0 0 -1 1/2
Pmmn,P,2,"1/2-x,1/2-y,-z",-1 0 0 1/2 0 -1 0 1/2 0 0 -1 0
Pmmn,P,2,"-x,-y,z",-1 0 0 0 0 -1 0 0 0 0 1 0
Pmmn,P,2,"1/2+x,1/2-y,-z",1 0 0 1/2 0 -1 0 1/2 0 0 -1 0
Pbcn,P,2,"-x,-y,-z",-1 0 0 0 0 -1 0 0 0 0 -1 0
Pbcn,P,2,"1/2-x,1/2-y,1/2+z",-1 0 0 1/2 0 -1 0 1/2 0 0 1 1/2
Pbcn,P,2,"1/2+x,1/2-y,-z",1 0 0 1/2 0 -1 0 1/2 0 0 -1 0
Pbca,P,2,"-x,-y,-z",-1 0 0 0 0 -1 0 0 0 0 -1 0
Pbca,P,2,"1/2-x,-y,1/2+z",-1 0 0 1/2 0 -1 0 0 0 0 1 1/2
Pbca,P,2,"1/2+x,1/2-y,-z",1 0 0 1/2 0 -1 0 1/2 0 0 -1 0
Pnma,P,2,"-x,-y,-z",-1 0 0 0 0 -1 0 0 0 0 -1 0
Pnma,P,2,"1/2-x,-y,1/2+z",-1 0 0 1/2 0 -1 0 0 0 0 1 1/2
Pnma,P,2,"1/2+x,1/2-y,1/2-z",1 0 0 1/2 0 -1 0 1/2 0 0 -1 1/2
Cmcm,C,2,"-x,-y,-z",-1 0 0 0 0 -1 0 0 0 0 -1 0
Cmcm,C,2,"-x,-y,1/2+z",-1 0 0 0 0 -1 0 0 0 0 1 1/2
Cmcm,C,2,"x,-y,-z",1 0 0 0 0 -1 0 0 0 0 -1 0
Cmca,C,2,"-x,-y,-z",-1 0 0 0 0 -1 0 0 0 0 -1 0
Cmca,C,2,"-x,1/2-y,1/2+z",-1 0 0 0 0 -1 0 1/2 0 0 1 1/2
Cmca,C,2,"x,-y,-z",1 0 0 0 0 -1 0 0 0 0 -1 0
Cmmm,C,2,"-x,-y,-z",-1 0 0 0 0 -1 0 0 0 0 -1 0
Cmmm,C,2,"-x,-y,z",-1 0 0 0 0 -1 0 0 0 0 1 0
Cmmm,C,2,"x,-y,-z",1 0 0 0 0 -1 0 0 0 0 -1 0
Cccm,C,2,"-x,-y,-z",-1 0 0 0 0 -1 0 0 0 0 -1 0
Cccm,C,2,"-x,-y,z",-1 0 0 0 0 -1 0 0 0 0 1 0
Cccm,C,2,"x,-y,1/2-z",1 0 0 0 0 -1 0 0 0 0 -1 1/2
Cmma,C,2,"-x,-y,-z",-1 0 0 0 0 -1 0 0 0 0 -1 0
Cmma,C,2,"1/2-x,-y,z",-1 0 0 1/2 0 -1 0 0 0 0 1 0
Cmma,C,2,"x,-y,-z",1 0 0 0 0 -1 0 0 0 0 -1 0
Ccca,C,2,"-x,1/2-y,1/2-z",-1 0 0 0 0 -1 0 1/2 0 0 -1 1/2
Ccca,C,2,"-x,-y,z",-1 0 0 0 0 -1 0 0 0 0 1 0
Ccca,C,2,"x,-y,-z",1 0 0 0 0 -1 0 0 0 0 -1 0
Fmmm,F,2,"-x,-y,-z",-1 0 0 0 0 -1 0 0 0 0 -1 0
Fmmm,F,2,"-x,-y,z",-1 0 0 0 0 -1 0 0 0 0 1 0
Fmmm,F,2,"x,-y,-z",1 0 0 0 0 -1 0 0 0 0 -1 0
Fddd,F,2,"1/4-x,1/4-y,1/4-z",-1 0 0 1/4 0 -1 0 1/4 0 0 -1 1/4
Fddd,F,2,"-x,-y,z",-1 0 0 0 0 -1 0 0 0 0 1 0
Fddd,F,2,"x,-y,-z",1 0 0 0 0 -1 0 0 0 0 -1 0
Immm,I,2,"-x,-y,-z",-1 0 0 0 0 -1 0 0 0 0 -1 0
Immm,I,2,"-x,-y,z",-1 0 0 0 0 -1 0 0 0 0 1 0
Immm,I,2,"x,-y,-z",1 0 0 0 0 -1 0 0 0 0 -1 0
Ibam,I,2,"-x,-y,-z",-1 0 0 0 0 -1 0 0 0 0 -1 0
Ibam,I,2,"-x,-y,z",-1 0 0 0 0 -1 0 0 0 0 1 0
Ibam,I,2,"x,-y,1/2-z",1 0 0 0 0 -1 0 0 0 0 -1 1/2
Ibca,I,2,"-x,-y,-z",-1 0 0 0 0 -1 0 0 0 0 -1 0
Ibca,I,2,"-x,1/2-y,z",-1 0 0 0 0 -1 0 1/2 0 0 1 0
Ibca,I,2,"x,-y,1/2-z",1 0 0 0 0 -1 0 0 0 0 -1 1/2
Imma,I,2,"-x,-y,-z",-1 0 0 0 0 -1 0 0 0 0 -1 0
Imma,I,2,"-x,1/2-y,z",-1 0 0 0 0 -1 0 1/2 0 0 1 0
Imma,I,2,"x,-y,-z",1 0 0 0 0 -1 0 0 0 0 -1 0
P4,P,4,"-y,x,z",0 -1 0 0 1 0 0 0 0 0 1 0
P4_1,P,4,"-y,x,1/4+z",0 -1 0 0 1 0 0 0 0 0 1 1/4
P4_2,P,4,"-y,x,1/2+z",0 -1 0 0 1 0 0 0 0 0 1 1/2
P4_3,P,4,"-y,x,3/4+z",0 -1 0 0 1 0 0 0 0 0 1 3/4
I4,I,4,"-y,x,z",0 -1 0 0 1 0 0 0 0 0 1 0
I4_1,I,4,"-y,1/2+x,1/4+z",0 -1 0 0 1 0 0 1/2 0 0 1 1/4
P-4,P,4,"y,-x,-z",0 1 0 0 -1 0 0 0 0 0 -1 0
I-4,I,4,"y,-x,-z",0 1 0 0 -1 0 0 0 0 0 -1 0
P4/m,P,2,"-x,-y,-z",-1 0 0 0 0 -1 0 0 0 0 -1 0
P4/m,P,4,"-y,x,z",0 -1 0 0 1 0 0 0 0 0 1 0
P4_2/m,P,2,"-x,-y,-z",-1 0 0 0 0 -1 0 0 0 0 -1 0
P4_2/m,P,4,"-y,x,1/2+z",0 -1 0 0 1 0 0 0 0 0 1 1/2
P4/n,P,2,"1/2-x,1/2-y,-z",-1 0 0 1/2 0 -1 0 1/2 0 0 -1 0
P4/n,P,4,"1/2-y,1/2+x,z",0 -1 0 1/2 1 0 0 1/2 0 0 1 0
P4_2/n,P,2,"1/2-x,1/2-y,1/2-z",-1 0 0 1/2 0 -1 0 1/2 0 0 -1 1/2
P4_2/n,P,4,"1/2-y,1/2+x,1/2+z",0 -1 0 1/2 1 0 0 1/2 0 0 1 1/2
I4/m,I,2,"-x,-y,-z",-1 0 0 0 0 -1 0 0 0 0 -1 0
I4/m,I,4,"-y,x,z",0 -1 0 0 1 0 0 0 0 0 1 0
I4_1/a,I,2,"-x,1/2-y,1/4-z",-1 0 0 0 0 -1 0 1/2 0 0 -1 1/4
I4_1/a,I,4,"-y,1/2+x,1/4+z",0 -1 0 0 1 0 0 1/2 0 0 1 1/4
P422,P,2,"x,-y,-z",1 0 0 0 0 -1 0 0 0 0 -1 0
P422,P,4,"-y,x,z",0 -1 0 0 1 0 0 0 0 0 1 0
P42_12,P,2,"1/2+x,1/2-y,-z",1 0 0 1/2 0 -1 0 1/2 0 0 -1 0
P42_12,P,4,"1/2-y,1/2+x,z",0 -1 0 1/2 1 0 0 1/2 0 0 1 0
P4_122,P,2,"x,-y,1/2-z",1 0 0 0 0 -1 0 0 0 0 -1 1/2
P4_122,P,4,"-y,x,1/4+z",0 -1 0 0 1 0 0 0 0 0 1 1/4
P4_12_12,P,2,"1/2+x,1/2-y,3/4-z",1 0 0 1/2 0 -1 0 1/2 0 0 -1 3/4
P4_12_12,P,4,"1/2-y,1/2+x,1/4+z",0 -1 0 1/2 1 0 0 1/2 0 0 1 1/4
P4_222,P,2,"x,-y,-z",1 0 0 0 0 -1 0 0 0 0 -1 0
P4_222,P,4,"-y,x,1/2+z",0 -1 0 0 1 0 0 0 0 0 1 1/2
P4_22_12,P,2,"1/2+x,1/2-y,1/2-z",1 0 0 1/2 0 -1 0 1/2 0 0 -1 1/2
P4_22_12,P,4,"1/2-y,1/2+x,1/2+z",0 -1 0 1/2 1 0 0 1/2 0 0 1 1/2
P4_322,P,2,"x,-y,1/2-z",1 0 0 0 0 -1 0 0 0 0 -1 1/2
P4_322,P,4,"-y,x,3/4+z",0 -1 0 0 1 0 0 0 0 0 1 3/4
P4_32_12,P,2,"1/2+x,1/2-y,1/4-z",1 0 0 1/2 0 -1 0 1/2 0 0 -1 1/4
P4_32_12,P,4,"1/2-y,1/2+x,3/4+z",0 -1 0 1/2 1 0 0 1/2 0 0 1 3/4
I422,I,2,"x,-y,-z",1 0 0 0 0 -1 0 0 0 0 -1 0
I422,I,4,"-y,x,z",0 -1 0 0 1 0 0 0 0 0 1 0
I4_122,I,2,"x,1/2-y,1/4-z",1 0 0 0 0 -1 0 1/2 0 0 -1 1/4
I4_122,I,4,"-y,1/2+x,1/4+z",0 -1 0 0 1 0 0 1/2 0 0 1 1/4
P4mm,P,2,"-x,y,z",-1 0 0 0 0 1 0 0 0 0 1 0
P4mm,P,4,"-y,x,z",0 -1 0 0 1 0 0 0 0 0 1 0
P4bm,P,2,"1/2-x,1/2+y,z",-1 0 0 1/2 0 1 0 1/2 0 0 1 0
P4bm,P,4,"-y,x,z",0 -1 0 0 1 0 0 0 0 0 1 0
P4_2cm,P,2,"-x,y,1/2+z",-1 0 0 0 0 1 0 0 0 0 1 1/2
P4_2cm,P,4,"-y,x,1/2+z",0 -1 0 0 1 0 0 0 0 0 1 1/2
P4_2nm,P,2,"1/2-x,1/2+y,1/2+z",-1 0 0 1/2 0 1 0 1/2 0 0 1 1/2
P4_2nm,P,4,"1/2-y,1/2+x,1/2+z",0 -1 0 1/2 1 0 0 1/2 0 0 1 1/2
P4cc,P,2,"-x,y,1/2+z",-1 0 0 0 0 1 0 0 0 0 1 1/2
P4cc,P,4,"-y,x,z",0 -1 0 0 1 0 0 0 0 0 1 0
P4nc,P,2,"1/2-x,1/2+y,1/2+z",-1 0 0 1/2 0 1 0 1/2 0 0 1 1/2
P4nc,P,4,"-y,x,z",0 -1 0 0 1 0 0 0 0 0 1 0
P4_2mc,P,2,"-x,y,z",-1 0 0 0 0 1 0 0 0 0 1 0
P4_2mc,P,4,"-y,x,1/2+z",0 -1 0 0 1 0 0 0 0 0 1 1/2
P4_2bc,P,2,"1/2-x,1/2+y,z",-1 0 0 1/2 0 1 0 1/2 0 0 1 0
P4_2bc,P,4,"-y,x,1/2+z",0 -1 0 0 1 0 0 0 0 0 1 1/2
I4mm,I,2,"-x,y,z",-1 0 0 0 0 1 0 0 0 0 1 0
I4mm,I,4,"-y,x,z",0 -1 0 0 1 0 0 0 0 0 1 0
I4cm,I,2,"1/2-x,1/2+y,z",-1 0 0 1/2 0 1 0 1/2 0 0 1 0
I4cm,I,4,"-y,x,z",0 -1 0 0 1 0 0 0 0 0 1 0
I4_1md,I,2,"-x,y,z",-1 0 0 0 0 1 0 0 0 0 1 0
I4_1md,I,4,"-y,1/2+x,1/4+z",0 -1 0 0 1 0 0 1/2 0 0 1 1/4
I4_1cd,I,2,"-x,y,1/2+z",-1 0 0 0 0 1 0 0 0 0 1 1/2
I4_1cd,I,4,"-y,1/2+x,1/4+z",0 -1 0 0 1 0 0 1/2 0 0 1 1/4
P-42m,P,2,"x,-y,-z",1 0 0 0 0 -1 0 0 0 0 -1 0
P-42m,P,4,"y,-x,-z",0 1 0 0 -1 0 0 0 0 0 -1 0
P-42c,P,2,"x,-y,1/2-z",1 0 0 0 0 -1 0 0 0 0 -1 1/2
P-42c,P,4,"y,-x,-z",0 1 0 0 -1 0 0 0 0 0 -1 0
P-42_1m,P,2,"1/2+x,1/2-y,-z",1 0 0 1/2 0 -1 0 1/2 0 0 -1 0
P-42_1m,P,4,"y,-x,-z",0 1 0 0 -1 0 0 0 0 0 -1 0
P-42_1c,P,2,"1/2+x,1/2-y,1/2-z",1 0 0 1/2 0 -1 0 1/2 0 0 -1 1/2
P-42_1c,P,4,"y,-x,-z",0 1 0 0 -1 0 0 0 0 0 -1 0
P-4m2,P,2,"-x,y,z",-1 0 0 0 0 1 0 0 0 0 1 0
P-4m2,P,4,"y,-x,-z",0 1 0 0 -1 0 0 0 0 0 -1 0
P-4c2,P,2,"-x,y,1/2+z",-1 0 0 0 0 1 0 0 0 0 1 1/2
P-4c2,P,4,"y,-x,-z",0 1 0 0 -1 0 0 0 0 0 -1 0
P-4b2,P,2,"1/2-x,1/2+y,z",-1 0 0 1/2 0 1 0 1/2 0 0 1 0
P-4b2,P,4,"y,-x,-z",0 1 0 0 -1 0 0 0 0 0 -1 0
P-4n2,P,2,"1/2-x,1/2+y,1/2+z",-1 0 0 1/2 0 1 0 1/2 0 0 1 1/2
P-4n2,P,4,"y,-x,-z",0 1 0 0 -1 0 0 0 0 0 -1 0
I-4m2,I,2,"-x,y,z",-1 0 0 0 0 1 0 0 0 0 1 0
I-4m2,I,4,"y,-x,-z",0 1 0 0 -1 0 0 0 0 0 -1 0
I-4c2,I,2,"-x,y,1/2+z",-1 0 0 0 0 1 0 0 0 0 1 1/2
I-4c2,I,4,"y,-x,-z",0 1 0 0 -1 0 0 0 0 0 -1 0
I-42m,I,2,"x,-y,-z",1 0 0 0 0 -1 0 0 0 0 -1 0
I-42m,I,4,"y,-x,-z",0 1 0 0 -1 0 0 0 0 0 -1 0
I-42d,I,2,"x,1/2-y,1/4-z",1 0 0 0 0 -1 0 1/2 0 0 -1 1/4
I-42d,I,4,"y,-x,-z",0 1 0 0 -1 0 0 0 0 0 -1 0
P4/mmm,P,2,"-x,-y,-z",-1 0 0 0 0 -1 0 0 0 0 -1 0
P4/mmm,P,2,"x,-y,-z",1 0 0 0 0 -1 0 0 0 0 -1 0
P4/mmm,P,4,"-y,x,z",0 -1 0 0 1 0 0 0 0 0 1 0
P4/mcc,P,2,"-x,-y,-z",-1 0 0 0 0 -1 0 0 0 0 -1 0
P4/mcc,P,2,"x,-y,1/2-z",1 0 0 0 0 -1 0 0 0 0 -1 1/2
P4/mcc,P,4,"-y,x,z",0 -1 0 0 1 0 0 0 0 0 1 0
P4/nbm,P,2,"1/2-x,1/2-y,-z",-1 0 0 1/2 0 -1 0 1/2 0 0 -1 0
P4/nbm,P,2,"x,-y,-z",1 0 0 0 0 -1 0 0 0 0 -1 0
P4/nbm,P,4,"-y,x,z",0 -1 0 0 1 0 0 0 0 0 1 0
P4/nnc,P,2,"1/2-x,1/2-y,1/2-z",-1 0 0 1/2 0 -1 0 1/2 0 0 -1 1/2
P4/nnc,P,2,"x,-y,-z",1 0 0 0 0 -1 0 0 0 0 -1 0
P4/nnc,P,4,"-y,x,z",0 -1 0 0 1 0 0 0 0 0 1 0
P4/mbm,P,2,"-x,-y,-z",-1 0 0 0 0 -1 0 0 0 0 -1 0
P4/mbm,P,2,"1/2+x,1/2-y,-z",1 0 0 1/2 0 -1 0 1/2 0 0 -1 0
P4/mbm,P,4,"-y,x,z",0 -1 0 0 1 0 0 0 0 0 1 0
P4/mnc,P,2,"-x,-y,-z",-1 0 0 0 0 -1 0 0 0 0 -1 0
P4/mnc,P,2,"1/2+x,1/2-y,1/2-z",1 0 0 1/2 0 -1 0 1/2 0 0 -1 1/2
P4/mnc,P,4,"-y,x,z",0 -1 0 0 1 0 0 0 0 0 1 0
P4/nmm,P,2,"1/2-x,1/2-y,-z",-1 0 0 1/2 0 -1 0 1/2 0 0 -1 0
P4/nmm,P,2,"1/2+x,1/2-y,-z",1 0 0 1/2 0 -1 0 1/2 0 0 -1 0
P4/nmm,P,4,"1/2-y,1/2+x,z",0 -1 0 1/2 1 0 0 1/2 0 0 1 0
P4/ncc,P,2,"1/2-x,1/2-y,-z",-1 0 0 1/2 0 -1 0 1/2 0 0 -1 0
P4/ncc,P,2,"1/2+x,1/2-y,1/2-z",1 0 0 1/2 0 -1 0 1/2 0 0 -1 1/2
P4/ncc,P,4,"1/2-y,1/2+x,z",0 -1 0 1/2 1 0 0 1/2 0 0 1 0
P4_2/mmc,P,2,"-x,-y,-z",-1 0 0 0 0 -1 0 0 0 0 -1 0
P4_2/mmc,P,2,"x,-y,-z",1 0 0 0 0 -1 0 0 0 0 -1 0
P4_2/mmc,P,4,"-y,x,1/2+z",0 -1 0 0 1 0 0 0 0 0 1 1/2
P4_2/mcm,P,2,"-x,-y,-z",-1 0 0 0 0 -1 0 0 0 0 -1 0
P4_2/mcm,P,2,"x,-y,1/2-z",1 0 0 0 0 -1 0 0 0 0 -1 1/2
P4_2/mcm,P,4,"-y,x,1/2+z",0 -1 0 0 1 0 0 0 0 0 1 1/2
P4_2/nbc,P,2,"1/2-x,1/2-y,1/2-z",-1 0 0 1/2 0 -1 0 1/2 0 0 -1 1/2
P4_2/nbc,P,2,"x,-y,1/2-z",1 0 0 0 0 -1 0 0 0 0 -1 1/2
P4_2/nbc,P,4,"1/2-y,1/2+x,1/2+z",0 -1 0 1/2 1 0 0 1/2 0 0 1 1/2
P4_2/nnm,P,2,"1/2-x,1/2-y,1/2-z",-1 0 0 1/2 0 -1 0 1/2 0 0 -1 1/2
P4_2/nnm,P,2,"x,-y,-z",1 0 0 0 0 -1 0 0 0 0 -1 0
P4_2/nnm,P,4,"1/2-y,1/2+x,1/2+z",0 -1 0 1/2 1 0 0 1/2 0 0 1 1/2
P4_2/mbc,P,2,"-x,-y,-z",-1 0 0 0 0 -1 0 0 0 0 -1 0
P4_2/mbc,P,2,"1/2+x,1/2-y,-z",1 0 0 1/2 0 -1 0 1/2 0 0 -1 0
P4_2/mbc,P,4,"-y,x,1/2+z",0 -1 0 0 1 0 0 0 0 0 1 1/2
P4_2/mnm,P,2,"-x,-y,-z",-1 0 0 0 0 -1 0 0 0 0 -1 0
P4_2/mnm,P,2,"1/2+x,1/2-y,1/2-z",1 0 0 1/2 0 -1 0 1/2 0 0 -1 1/2
P4_2/mnm,P,4,"1/2-y,1/2+x,1/2+z",0 -1 0 1/2 1 0 0 1/2 0 0 1 1/2
P4_2/nmc,P,2,"1/2-x,1/2-y,1/2-z",-1 0 0 1/2 0 -1 0 1/2 0 0 -1 1/2
P4_2/nmc,P,2,"1/2+x,1/2-y,1/2-z",1 0 0 1/2 0 -1 0 1/2 0 0 -1 1/2
P4_2/nmc,P,4,"1/2-y,1/2+x,1/2+z",0 -1 0 1/2 1 0 0 1/2 0 0 1 1/2
P4_2/ncm,P,2,"1/2-x,1/2-y,1/2-z",-1 0 0 1/2 0 -1 0 1/2 0 0 -1 1/2
P4_2/ncm,P,2,"1/2+x,1/2-y,-z",1 0 0 1/2 0 -1 0 1/2 0 0 -1 0
P4_2/ncm,P,4,"1/2-y,1/2+x,1/2+z",0 -1 0 1/2 1 0 0 1/2 0 0 1 1/2
I4/mmm,I,2,"-x,-y,-z",-1 0 0 0 0 -1 0 0 0 0 -1 0
I4/mmm,I,2,"x,-y,-z",1 0 0 0 0 -1 0 0 0 0 -1 0
I4/mmm,I,4,"-y,x,z",0 -1 0 0 1 0 0 0 0 0 1 0
I4/mcm,I,2,"-x,-y,-z",-1 0 0 0 0 -1 0 0 0 0 -1 0
I4/mcm,I,2,"x,-y,1/2-z",1 0 0 0 0 -1 0 0 0 0 -1 1/2
I4/mcm,I,4,"-y,x,z",0 -1 0 0 1 0 0 0 0 0 1 0
I4_1/amd,I,2,"-x,1/2-y,1/4-z",-1 0 0 0 0 -1 0 1/2 0 0 -1 1/4
I4_1/amd,I,2,"x,1/2-y,1/4-z",1 0 0 0 0 -1 0 1/2 0 0 -1 1/4
I4_1/amd,I,4,"-y,1/2+x,1/4+z",0 -1 0 0 1 0 0 1/2 0 0 1 1/4
I4_1/acd,I,2,"-x,1/2-y,1/4-z",-1 0 0 0 0 -1 0 1/2 0 0 -1 1/4
I4_1/acd,I,2,"x,1/2-y,3/4-z",1 0 0 0 0 -1 0 1/2 0 0 -1 3/4
I4_1/acd,I,4,"-y,1/2+x,1/4+z",0 -1 0 0 1 0 0 1/2 0 0 1 1/4
P3,P,3,"-y,x-y,z",0 -1 0 0 1 -1 0 0 0 0 1 0
P3_1,P,3,"-y,x-y,1/3+z",0 -1 0 0 1 -1 0 0 0 0 1 1/3
P3_2,P,3,"-y,x-y,2/3+z",0 -1 0 0 1 -1 0 0 0 0 1 2/3
R3:4,R,3,"-y,x-y,z",0 -1 0 0 1 -1 0 0 0 0 1 0
R-3:4,R,6,"y,-x+y,-z",0 1 0 0 -1 1 0 0 0 0 -1 0
R32:4,R,3,"-y,x-y,z",0 -1 0 0 1 -1 0 0 0 0 1 0
R32:4,R,2,"x-y,-y,-z",1 -1 0 0 0 -1 0 0 0 0 -1 0
R3m:4,R,3,"-y,x-y,z",0 -1 0 0 1 -1 0 0 0 0 1 0
R3m:4,R,2,"-x+y,y,z",-1 1 0 0 0 1 0 0 0 0 1 0
R3c:4,R,3,"-y,x-y,z",0 -1 0 0 1 -1 0 0 0 0 1 0
R3c:4,R,2,"-x+y,y,1/2+z",-1 1 0 0 0 1 0 0 0 0 1 1/2
R-3m:4,R,6,"y,-x+y,-z",0 1 0 0 -1 1 0 0 0 0 -1 0
R-3m:4,R,2,"x-y,-y,-z",1 -1 0 0 0 -1 0 0 0 0 -1 0
R-3c:4,R,6,"y,-x+y,-z",0 1 0 0 -1 1 0 0 0 0 -1 0
R-3c:4,R,2,"x-y,-y,1/2-z",1 -1 0 0 0 -1 0 0 0 0 -1 1/2
R-32/m:4,R,6,"y,-x+y,-z",0 1 0 0 -1 1 0 0 0 0 -1 0
R-32/m:4,R,2,"x-y,-y,-z",1 -1 0 0 0 -1 0 0 0 0 -1 0
R-32/m2/m:4,R,6,"y,-x+y,-z",0 1 0 0 -1 1 0 0 0 0 -1 0
R-32/m2/m:4,R,2,"x-y,-y,-z",1 -1 0 0 0 -1 0 0 0 0 -1 0
R-32/c:4,R,6,"y,-x+y,-z",0 1 0 0 -1 1 0 0 0 0 -1 0
R-32/c:4,R,2,"x-y,-y,1/2-z",1 -1 0 0 0 -1 0 0 0 0 -1 1/2
R3:5,R,3,"z,x,y",0 0 1 0 1 0 0 0 0 1 0 0
R-3:5,R,6,"-z,-x,-y",0 0 -1 0 -1 0 0 0 0 -1 0 0
R32:5,R,2,"-z,-y,-x",0 0 -1 0 0 -1 0 0 -1 0 0 0
R32:5,R,3,"z,x,y",0 0 1 0 1 0 0 0 0 1 0 0
R3m:5,R,2,"z,y,x",0 0 1 0 0 1 0 0 1 0 0 0
R3m:5,R,3,"z,x,y",0 0 1 0 1 0 0 0 0 1 0 0
R3c:5,R,2,"1/2+z,1/2+y,1/2+x",0 0 1 1/2 0 1 0 1/2 1 0 0 1/2
R3c:5,R,3,"z,x,y",0 0 1 0 1 0 0 0 0 1 0 0
R-3m:5,R,2,"z,y,x",0 0 1 0 0 1 0 0 1 0 0 0
R-3m:5,R,6,"-z,-x,-y",0 0 -1 0 -1 0 0 0 0 -1 0 0
R-3c:5,R,2,"1/2+z,1/2+y,1/2+x",0 0 1 1/2 0 1 0 1/2 1 0 0 1/2
R-3c:5,R,6,"-z,-x,-y",0 0 -1 0 -1 0 0 0 0 -1 0 0
R-32/m:5,R,2,"z,y,x",0 0 1 0 0 1 0 0 1 0 0 0
R-32/m:5,R,6,"-z,-x,-y",0 0 -1 0 -1 0 0 0 0 -1 0 0
R-32/m2/m:5,R,2,"z,y,x",0 0 1 0 0 1 0 0 1 0 0 0
R-32/m2/m:5,R,6,"-z,-x,-y",0 0 -1 0 -1 0 0 0 0 -1 0 0
R-32/c:5,R,2,"1/2+z,1/2+y,1/2+x",0 0 1 1/2 0 1 0 1/2 1 0 0 1/2
R-32/c:5,R,6,"-z,-x,-y",0 0 -1 0 -1 0 0 0 0 -1 0 0
P-3,P,6,"y,-x+y,-z",0 1 0 0 -1 1 0 0 0 0 -1 0
P312,P,2,"x,x-y,-z",1 0 0 0 1 -1 0 0 0 0 -1 0
P312,P,3,"-y,x-y,z",0 -1 0 0 1 -1 0 0 0 0 1 0
P321,P,2,"x-y,-y,-z",1 -1 0 0 0 -1 0 0 0 0 -1 0
P321,P,3,"-y,x-y,z",0 -1 0 0 1 -1 0 0 0 0 1 0
P3_112,P,2,"x,x-y,-z",1 0 0 0 1 -1 0 0 0 0 -1 0
P3_112,P,3,"-y,x-y,1/3+z",0 -1 0 0 1 -1 0 0 0 0 1 1/3
P3_121,P,2,"x-y,-y,2/3-z",1 -1 0 0 0 -1 0 0 0 0 -1 2/3
P3_121,P,3,"-y,x-y,1/3+z",0 -1 0 0 1 -1 0 0 0 0 1 1/3
P3_212,P,2,"x,x-y,-z",1 0 0 0 1 -1 0 0 0 0 -1 0
P3_212,P,3,"-y,x-y,2/3+z",0 -1 0 0 1 -1 0 0 0 0 1 2/3
P3_221,P,2,"x-y,-y,1/3-z",1 -1 0 0 0 -1 0 0 0 0 -1 1/3
P3_221,P,3,"-y,x-y,2/3+z",0 -1 0 0 1 -1 0 0 0 0 1 2/3
P3m1,P,2,"-x+y,y,z",-1 1 0 0 0 1 0 0 0 0 1 0
P3m1,P,3,"-y,x-y,z",0 -1 0 0 1 -1 0 0 0 0 1 0
P31m,P,2,"-x,-x+y,z",-1 0 0 0 -1 1 0 0 0 0 1 0
P31m,P,3,"-y,x-y,z",0 -1 0 0 1 -1 0 0 0 0 1 0
P3c1,P,2,"-x+y,y,1/2+z",-1 1 0 0 0 1 0 0 0 0 1 1/2
P3c1,P,3,"-y,x-y,z",0 -1 0 0 1 -1 0 0 0 0 1 0
P31c,P,2,"-x,-x+y,1/2+z",-1 0 0 0 -1 1 0 0 0 0 1 1/2
P31c,P,3,"-y,x-y,z",0 -1 0 0 1 -1 0 0 0 0 1 0
P-31m,P,2,"x,x-y,-z",1 0 0 0 1 -1 0 0 0 0 -1 0
P-31m,P,6,"y,-x+y,-z",0 1 0 0 -1 1 0 0 0 0 -1 0
P-31c,P,2,"x,x-y,1/2-z",1 0 0 0 1 -1 0 0 0 0 -1 1/2
P-31c,P,6,"y,-x+y,-z",0 1 0 0 -1 1 0 0 0 0 -1 0
P-3m1,P,2,"x-y,-y,-z",1 -1 0 0 0 -1 0 0 0 0 -1 0
P-3m1,P,6,"y,-x+y,-z",0 1 0 0 -1 1 0 0 0 0 -1 0
P-3c1,P,2,"x-y,-y,1/2-z",1 -1 0 0 0 -1 0 0 0 0 -1 1/2
P-3c1,P,6,"y,-x+y,-z",0 1 0 0 -1 1 0 0 0 0 -1 0
P6,P,6,"x-y,x,z",1 -1 0 0 1 0 0 0 0 0 1 0
P6_1,P,6,"x-y,x,1/6+z",1 -1 0 0 1 0 0 0 0 0 1 1/6
P6_5,P,6,"x-y,x,5/6+z",1 -1 0 0 1 0 0 0 0 0 1 5/6
P6_2,P,6,"x-y,x,1/3+z",1 -1 0 0 1 0 0 0 0 0 1 1/3
P6_4,P,6,"x-y,x,2/3+z",1 -1 0 0 1 0 0 0 0 0 1 2/3
P6_3,P,6,"x-y,x,1/2+z",1 -1 0 0 1 0 0 0 0 0 1 1/2
P-6,P,6,"-x+y,-x,-z",-1 1 0 0 -1 0 0 0 0 0 -1 0
P6/m,P,2,"-x,-y,-z",-1 0 0 0 0 -1 0 0 0 0 -1 0
P6/m,P,6,"x-y,x,z",1 -1 0 0 1 0 0 0 0 0 1 0
P6_3/m,P,2,"-x,-y,-z",-1 0 0 0 0 -1 0 0 0 0 -1 0
P6_3/m,P,6,"x-y,x,1/2+z",1 -1 0 0 1 0 0 0 0 0 1 1/2
P622,P,2,"x-y,-y,-z",1 -1 0 0 0 -1 0 0 0 0 -1 0
P622,P,6,"x-y,x,z",1 -1 0 0 1 0 0 0 0 0 1 0
P6_122,P,2,"x-y,-y,-z",1 -1 0 0 0 -1 0 0 0 0 -1 0
P6_122,P,6,"x-y,x,1/6+z",1 -1 0 0 1 0 0 0 0 0 1 1/6
P6_522,P,2,"x-y,-y,-z",1 -1 0 0 0 -1 0 0 0 0 -1 0
P6_522,P,6,"x-y,x,5/6+z",1 -1 0 0 1 0 0 0 0 0 1 5/6
P6_222,P,2,"x-y,-y,-z",1 -1 0 0 0 -1 0 0 0 0 -1 0
P6_222,P,6,"x-y,x,1/3+z",1 -1 0 0 1 0 0 0 0 0 1 1/3
P6_422,P,2,"x-y,-y,-z",1 -1 0 0 0 -1 0 0 0 0 -1 0
P6_422,P,6,"x-y,x,2/3+z",1 -1 0 0 1 0 0 0 0 0 1 2/3
P6_322,P,2,"x-y,-y,-z",1 -1 0 0 0 -1 0 0 0 0 -1 0
P6_322,P,6,"x-y,x,1/2+z",1 -1 0 0 1 0 0 0 0 0 1 1/2
P6mm,P,2,"-x+y,y,z",-1 1 0 0 0 1 0 0 0 0 1 0
P6mm,P,6,"x-y,x,z",1 -1 0 0 1 0 0 0 0 0 1 0
P6cc,P,2,"-x+y,y,1/2+z",-1 1 0 0 0 1 0 0 0 0 1 1/2
P6cc,P,6,"x-y,x,z",1 -1 0 0 1 0 0 0 0 0 1 0
P6_3cm,P,2,"-x+y,y,1/2+z",-1 1 0 0 0 1 0 0 0 0 1 1/2
P6_3cm,P,6,"x-y,x,1/2+z",1 -1 0 0 1 0 0 0 0 0 1 1/2
P6_3mc,P,2,"-x+y,y,z",-1 1 0 0 0 1 0 0 0 0 1 0
P6_3mc,P,6,"x-y,x,1/2+z",1 -1 0 0 1 0 0 0 0 0 1 1/2
P-6m2,P,2,"-x+y,y,z",-1 1 0 0 0 1 0 0 0 0 1 0
P-6m2,P,6,"-x+y,-x,-z",-1 1 0 0 -1 0 0 0 0 0 -1 0
P-6c2,P,2,"-x+y,y,1/2+z",-1 1 0 0 0 1 0 0 0 0 1 1/2
P-6c2,P,6,"-x+y,-x,1/2-z",-1 1 0 0 -1 0 0 0 0 0 -1 1/2
P-62m,P,2,"x-y,-y,-z",1 -1 0 0 0 -1 0 0 0 0 -1 0
P-62m,P,6,"-x+y,-x,-z",-1 1 0 0 -1 0 0 0 0 0 -1 0
P-62c,P,2,"x-y,-y,-z",1 -1 0 0 0 -1 0 0 0 0 -1 0
P-62c,P,6,"-x+y,-x,1/2-z",-1 1 0 0 -1 0 0 0 0 0 -1 1/2
P6/mmm,P,2,"-x,-y,-z",-1 0 0 0 0 -1 0 0 0 0 -1 0
P6/mmm,P,2,"x-y,-y,-z",1 -1 0 0 0 -1 0 0 0 0 -1 0
P6/mmm,P,6,"x-y,x,z",1 -1 0 0 1 0 0 0 0 0 1 0
P6/mcc,P,2,"-x,-y,-z",-1 0 0 0 0 -1 0 0 0 0 -1 0
P6/mcc,P,2,"x-y,-y,1/2-z",1 -1 0 0 0 -1 0 0 0 0 -1 1/2
P6/mcc,P,6,"x-y,x,z",1 -1 0 0 1 0 0 0 0 0 1 0
P6_3/mcm,P,2,"-x,-y,-z",-1 0 0 0 0 -1 0 0 0 0 -1 0
P6_3/mcm,P,2,"x-y,-y,1/2-z",1 -1 0 0 0 -1 0 0 0 0 -1 1/2
P6_3/mcm,P,6,"x-y,x,1/2+z",1 -1 0 0 1 0 0 0 0 0 1 1/2
P6_3/mmc,P,2,"-x,-y,-z",-1 0 0 0 0 -1 0 0 0 0 -1 0
P6_3/mmc,P,2,"x-y,-y,-z",1 -1 0 0 0 -1 0 0 0 0 -1 0
P6_3/mmc,P,6,"x-y,x,1/2+z",1 -1 0 0 1 0 0 0 0 0 1 1/2
P23,P,2,"-x,-y,z",-1 0 0 0 0 -1 0 0 0 0 1 0
P23,P,2,"x,-y,-z",1 0 0 0 0 -1 0 0 0 0 -1 0
P23,P,3,"z,x,y",0 0 1 0 1 0 0 0 0 1 0 0
F23,F,2,"-x,-y,z",-1 0 0 0 0 -1 0 0 0 0 1 0
F23,F,2,"x,-y,-z",1 0 0 0 0 -1 0 0 0 0 -1 0
F23,F,3,"z,x,y",0 0 1 0 1 0 0 0 0 1 0 0
I23,I,2,"-x,-y,z",-1 0 0 0 0 -1 0 0 0 0 1 0
I23,I,2,"x,-y,-z",1 0 0 0 0 -1 0 0 0 0 -1 0
I23,I,3,"z,x,y",0 0 1 0 1 0 0 0 0 1 0 0
P2_13,P,2,"1/2-x,-y,1/2+z",-1 0 0 1/2 0 -1 0 0 0 0 1 1/2
P2_13,P,2,"1/2+x,1/2-y,-z",1 0 0 1/2 0 -1 0 1/2 0 0 -1 0
P2_13,P,3,"z,x,y",0 0 1 0 1 0 0 0 0 1 0 0
I2_13,I,2,"1/2-x,-y,1/2+z",-1 0 0 1/2 0 -1 0 0 0 0 1 1/2
I2_13,I,2,"1/2+x,1/2-y,-z",1 0 0 1/2 0 -1 0 1/2 0 0 -1 0
I2_13,I,3,"z,x,y",0 0 1 0 1 0 0 0 0 1 0 0
Pm3,P,2,"-x,-y,z",-1 0 0 0 0 -1 0 0 0 0 1 0
Pm3,P,2,"x,-y,-z",1 0 0 0 0 -1 0 0 0 0 -1 0
Pm3,P,6,"-z,-x,-y",0 0 -1 0 -1 0 0 0 0 -1 0 0
Pn3,P,2,"-x,-y,z",-1 0 0 0 0 -1 0 0 0 0 1 0
Pn3,P,2,"x,-y,-z",1 0 0 0 0 -1 0 0 0 0 -1 0
Pn3,P,6,"1/2-z,1/2-x,1/2-y",0 0 -1 1/2 -1 0 0 1/2 0 -1 0 1/2
Fm3,F,2,"-x,-y,z",-1 0 0 0 0 -1 0 0 0 0 1 0
Fm3,F,2,"x,-y,-z",1 0 0 0 0 -1 0 0 0 0 -1 0
Fm3,F,6,"-z,-x,-y",0 0 -1 0 -1 0 0 0 0 -1 0 0
Fd3,F,2,"-x,-y,z",-1 0 0 0 0 -1 0 0 0 0 1 0
Fd3,F,2,"x,-y,-z",1 0 0 0 0 -1 0 0 0 0 -1 0
Fd3,F,6,"1/4-z,1/4-x,1/4-y",0 0 -1 1/4 -1 0 0 1/4 0 -1 0 1/4
Im3,I,2,"-x,-y,z",-1 0 0 0 0 -1 0 0 0 0 1 0
Im3,I,2,"x,-y,-z",1 0 0 0 0 -1 0 0 0 0 -1 0
Im3,I,6,"-z,-x,-y",0 0 -1 0 -1 0 0 0 0 -1 0 0
Pa3,P,2,"1/2-x,-y,1/2+z",-1 0 0 1/2 0 -1 0 0 0 0 1 1/2
Pa3,P,2,"1/2+x,1/2-y,-z",1 0 0 1/2 0 -1 0 1/2 0 0 -1 0
Pa3,P,6,"-z,-x,-y",0 0 -1 0 -1 0 0 0 0 -1 0 0
Ia3,I,2,"-x,1/2-y,z",-1 0 0 0 0 -1 0 1/2 0 0 1 0
Ia3,I,2,"x,-y,1/2-z",1 0 0 0 0 -1 0 0 0 0 -1 1/2
Ia3,I,6,"-z,-x,-y",0 0 -1 0 -1 0 0 0 0 -1 0 0
P432,P,3,"z,x,y",0 0 1 0 1 0 0 0 0 1 0 0
P432,P,2,"y,x,-z",0 1 0 0 1 0 0 0 0 0 -1 0
P432,P,4,"-y,x,z",0 -1 0 0 1 0 0 0 0 0 1 0
P4_232,P,3,"z,x,y",0 0 1 0 1 0 0 0 0 1 0 0
P4_232,P,2,"1/2+y,1/2+x,1/2-z",0 1 0 1/2 1 0 0 1/2 0 0 -1 1/2
P4_232,P,4,"1/2-y,1/2+x,1/2+z",0 -1 0 1/2 1 0 0 1/2 0 0 1 1/2
F432,F,3,"z,x,y",0 0 1 0 1 0 0 0 0 1 0 0
F432,F,2,"y,x,-z",0 1 0 0 1 0 0 0 0 0 -1 0
F432,F,4,"-y,x,z",0 -1 0 0 1 0 0 0 0 0 1 0
F4_132,F,3,"z,x,y",0 0 1 0 1 0 0 0 0 1 0 0
F4_132,F,2,"1/4+y,1/4+x,1/4-z",0 1 0 1/4 1 0 0 1/4 0 0 -1 1/4
F4_132,F,4,"1/4-y,1/4+x,1/4+z",0 -1 0 1/4 1 0 0 1/4 0 0 1 1/4
I432,I,3,"z,x,y",0 0 1 0 1 0 0 0 0 1 0 0
I432,I,2,"y,x,-z",0 1 0 0 1 0 0 0 0 0 -1 0
I432,I,4,"-y,x,z",0 -1 0 0 1 0 0 0 0 0 1 0
P4_332,P,3,"z,x,y",0 0 1 0 1 0 0 0 0 1 0 0
P4_332,P,2,"1/4+y,3/4+x,3/4-z",0 1 0 1/4 1 0 0 3/4 0 0 -1 3/4
P4_332,P,4,"3/4-y,1/4+x,3/4+z",0 -1 0 3/4 1 0 0 1/4 0 0 1 3/4
P4_132,P,3,"z,x,y",0 0 1 0 1 0 0 0 0 1 0 0
P4_132,P,2,"3/4+y,1/4+x,1/4-z",0 1 0 3/4 1 0 0 1/4 0 0 -1 1/4
P4_132,P,4,"1/4-y,3/4+x,1/4+z",0 -1 0 1/4 1 0 0 3/4 0 0 1 1/4
I4_132,I,3,"z,x,y",0 0 1 0 1 0 0 0 0 1 0 0
I4_132,I,2,"1/4+y,3/4+x,3/4-z",0 1 0 1/4 1 0 0 3/4 0 0 -1 3/4
I4_132,I,4,"3/4-y,1/4+x,3/4+z",0 -1 0 3/4 1 0 0 1/4 0 0 1 3/4
P-43m,P,3,"z,x,y",0 0 1 0 1 0 0 0 0 1 0 0
P-43m,P,2,"-y,-x,z",0 -1 0 0 -1 0 0 0 0 0 1 0
P-43m,P,4,"y,-x,-z",0 1 0 0 -1 0 0 0 0 0 -1 0
F-43m,F,3,"z,x,y",0 0 1 0 1 0 0 0 0 1 0 0
F-43m,F,2,"-y,-x,z",0 -1 0 0 -1 0 0 0 0 0 1 0
F-43m,F,4,"y,-x,-z",0 1 0 0 -1 0 0 0 0 0 -1 0
I-43m,I,3,"z,x,y",0 0 1 0 1 0 0 0 0 1 0 0
I-43m,I,2,"-y,-x,z",0 -1 0 0 -1 0 0 0 0 0 1 0
I-43m,I,4,"y,-x,-z",0 1 0 0 -1 0 0 0 0 0 -1 0
P-43n,P,3,"z,x,y",0 0 1 0 1 0 0 0 0 1 0 0
P-43n,P,2,"1/2-y,1/2-x,1/2+z",0 -1 0 1/2 -1 0 0 1/2 0 0 1 1/2
P-43n,P,4,"1/2+y,1/2-x,1/2-z",0 1 0 1/2 -1 0 0 1/2 0 0 -1 1/2
F-43c,F,3,"z,x,y",0 0 1 0 1 0 0 0 0 1 0 0
F-43c,F,2,"-y,-x,1/2+z",0 -1 0 0 -1 0 0 0 0 0 1 1/2
F-43c,F,4,"y,-x,1/2-z",0 1 0 0 -1 0 0 0 0 0 -1 1/2
I-43d,I,3,"z,x,y",0 0 1 0 1 0 0 0 0 1 0 0
I-43d,I,2,"1/4-y,3/4-x,3/4+z",0 -1 0 1/4 -1 0 0 3/4 0 0 1 3/4
I-43d,I,4,"3/4+y,1/4-x,3/4-z",0 1 0 3/4 -1 0 0 1/4 0 0 -1 3/4
Pm3m,P,6,"-z,-x,-y",0 0 -1 0 -1 0 0 0 0 -1 0 0
Pm3m,P,2,"y,x,-z",0 1 0 0 1 0 0 0 0 0 -1 0
Pm3m,P,4,"-y,x,z",0 -1 0 0 1 0 0 0 0 0 1 0
Pn3n,P,6,"1/2-z,1/2-x,1/2-y",0 0 -1 1/2 -1 0 0 1/2 0 -1 0 1/2
Pn3n,P,2,"y,x,-z",0 1 0 0 1 0 0 0 0 0 -1 0
Pn3n,P,4,"-y,x,z",0 -1 0 0 1 0 0 0 0 0 1 0
Pm3n,P,6,"-z,-x,-y",0 0 -1 0 -1 0 0 0 0 -1 0 0
Pm3n,P,2,"1/2+y,1/2+x,1/2-z",0 1 0 1/2 1 0 0 1/2 0 0 -1 1/2
Pm3n,P,4,"1/2-y,1/2+x,1/2+z",0 -1 0 1/2 1 0 0 1/2 0 0 1 1/2
Pn3m,P,6,"1/2-z,1/2-x,1/2-y",0 0 -1 1/2 -1 0 0 1/2 0 -1 0 1/2
Pn3m,P,2,"1/2+y,1/2+x,1/2-z",0 1 0 1/2 1 0 0 1/2 0 0 -1 1/2
Pn3m,P,4,"1/2-y,1/2+x,1/2+z",0 -1 0 1/2 1 0 0 1/2 0 0 1 1/2
Fm3m,F,6,"-z,-x,-y",0 0 -1 0 -1 0 0 0 0 -1 0 0
Fm3m,F,2,"y,x,-z",0 1 0 0 1 0 0 0 0 0 -1 0
Fm3m,F,4,"-y,x,z",0 -1 0 0 1 0 0 0 0 0 1 0
Fm3c,F,6,"-z,-x,-y",0 0 -1 0 -1 0 0 0 0 -1 0 0
Fm3c,F,2,"y,x,1/2-z",0 1 0 0 1 0 0 0 0 0 -1 1/2
Fm3c,F,4,"-y,x,1/2+z",0 -1 0 0 1 0 0 0 0 0 1 1/2
Fd3m,F,6,"1/4-z,1/4-x,1/4-y",0 0 -1 1/4 -1 0 0 1/4 0 -1 0 1/4
Fd3m,F,2,"1/4+y,1/4+x,1/4-z",0 1 0 1/4 1 0 0 1/4 0 0 -1 1/4
Fd3m,F,4,"1/4-y,1/4+x,1/4+z",0 -1 0 1/4 1 0 0 1/4 0 0 1 1/4
Fd3c,F,6,"1/4-z,1/4-x,3/4-y",0 0 -1 1/4 -1 0 0 1/4 0 -1 0 3/4
Fd3c,F,2,"1/4+y,1/4+x,1/4-z",0 1 0 1/4 1 0 0 1/4 0 0 -1 1/4
Fd3c,F,4,"1/4-y,1/4+x,1/4+z",0 -1 0 1/4 1 0 0 1/4 0 0 1 1/4
Im3m,I,6,"-z,-x,-y",0 0 -1 0 -1 0 0 0 0 -1 0 0
Im3m,I,2,"y,x,-z",0 1 0 0 1 0 0 0 0 0 -1 0
Im3m,I,4,"-y,x,z",0 -1 0 0 1 0 0 0 0 0 1 0
Ia3d,I,6,"-z,-x,-y",0 0 -1 0 -1 0 0 0 0 -1 0 0
Ia3d,I,2,"1/4+y,3/4+x,3/4-z",0 1 0 1/4 1 0 0 3/4 0 0 -1 3/4
Ia3d,I,4,"3/4-y,1/4+x,3/4+z",0 -1 0 3/4 1 0 0 1/4 0 0 1 3/4
P2_122,P,2,"1/2+x,-y,-z",1 0 0 1/2 0 -1 0 0 0 0 -1 0
P2_122,P,2,"-x,y,-z",-1 0 0 0 0 1 0 0 0 0 -1 0
P22_12_1,P,2,"x,-y,-z",1 0 0 0 0 -1 0 0 0 0 -1 0
P22_12_1,P,2,"-x,1/2+y,1/2-z",-1 0 0 0 0 1 0 1/2 0 0 -1 1/2
A2_122,A,2,"1/2+x,-y,-z",1 0 0 1/2 0 -1 0 0 0 0 -1 0
A2_122,A,2,"-x,y,-z",-1 0 0 0 0 1 0 0 0 0 -1 0
A222,A,2,"x,-y,-z",1 0 0 0 0 -1 0 0 0 0 -1 0
A222,A,2,"-x,y,-z",-1 0 0 0 0 1 0 0 0 0 -1 0
P2mm,P,2,"x,-y,-z",1 0 0 0 0 -1 0 0 0 0 -1 0
P2mm,P,2,"x,-y,z",1 0 0 0 0 -1 0 0 0 0 1 0
P2_1ma,P,2,"1/2+x,-y,-z",1 0 0 1/2 0 -1 0 0 0 0 -1 0
P2_1ma,P,2,"x,-y,z",1 0 0 0 0 -1 0 0 0 0 1 0
P2aa,P,2,"x,-y,-z",1 0 0 0 0 -1 0 0 0 0 -1 0
P2aa,P,2,"1/2+x,-y,z",1 0 0 1/2 0 -1 0 0 0 0 1 0
P2mb,P,2,"x,-y,-z",1 0 0 0 0 -1 0 0 0 0 -1 0
P2mb,P,2,"x,1/2-y,z",1 0 0 0 0 -1 0 1/2 0 0 1 0
P2_1ab,P,2,"1/2+x,-y,-z",1 0 0 1/2 0 -1 0 0 0 0 -1 0
P2_1ab,P,2,"1/2+x,1/2-y,z",1 0 0 1/2 0 -1 0 1/2 0 0 1 0
P2na,P,2,"x,-y,-z",1 0 0 0 0 -1 0 0 0 0 -1 0
P2na,P,2,"1/2+x,-y,1/2+z",1 0 0 1/2 0 -1 0 0 0 0 1 1/2
P2_1mn,P,2,"1/2+x,1/2-y,-z",1 0 0 1/2 0 -1 0 1/2 0 0 -1 0
P2_1mn,P,2,"x,-y,z",1 0 0 0 0 -1 0 0 0 0 1 0
P2cb,P,2,"x,-y,-z",1 0 0 0 0 -1 0 0 0 0 -1 0
P2cb,P,2,"x,1/2-y,1/2+z",1 0 0 0 0 -1 0 1/2 0 0 1 1/2
P2_1nb,P,2,"1/2+x,-y,-z",1 0 0 1/2 0 -1 0 0 0 0 -1 0
P2_1nb,P,2,"1/2+x,1/2-y,1/2+z",1 0 0 1/2 0 -1 0 1/2 0 0 1 1/2
P2nn,P,2,"x,-y,-z",1 0 0 0 0 -1 0 0 0 0 -1 0
P2nn,P,2,"1/2+x,1/2-y,1/2+z",1 0 0 1/2 0 -1 0 1/2 0 0 1 1/2
A2mm,A,2,"x,-y,-z",1 0 0 0 0 -1 0 0 0 0 -1 0
A2mm,A,2,"x,-y,z",1 0 0 0 0 -1 0 0 0 0 1 0
A2_1ma,A,2,"1/2+x,-y,-z",1 0 0 1/2 0 -1 0 0 0 0 -1 0
A2_1ma,A,2,"x,-y,z",1 0 0 0 0 -1 0 0 0 0 1 0
A2aa,A,2,"x,-y,-z",1 0 0 0 0 -1 0 0 0 0 -1 0
A2aa,A,2,"1/2+x,-y,z",1 0 0 1/2 0 -1 0 0 0 0 1 0
B2mm,B,2,"x,-y,-z",1 0 0 0 0 -1 0 0 0 0 -1 0
B2mm,B,2,"x,-y,z",1 0 0 0 0 -1 0 0 0 0 1 0
B2cm,B,2,"x,-y,-z",1 0 0 0 0 -1 0 0 0 0 -1 0
B2cm,B,2,"x,-y,1/2+z",1 0 0 0 0 -1 0 0 0 0 1 1/2
B2mb,B,2,"x,-y,-z",1 0 0 0 0 -1 0 0 0 0 -1 0
B2mb,B,2,"x,1/2-y,z",1 0 0 0 0 -1 0 1/2 0 0 1 0
B2cb,B,2,"x,-y,-z",1 0 0 0 0 -1 0 0 0 0 -1 0
B2cb,B,2,"x,1/2-y,1/2+z",1 0 0 0 0 -1 0 1/2 0 0 1 1/2
F2mm,F,2,"x,-y,-z",1 0 0 0 0 -1 0 0 0 0 -1 0
F2mm,F,2,"x,-y,z",1 0 0 0 0 -1 0 0 0 0 1 0
F2dd,F,2,"x,-y,-z",1 0 0 0 0 -1 0 0 0 0 -1 0
F2dd,F,2,"1/4+x,1/4-y,1/4+z",1 0 0 1/4 0 -1 0 1/4 0 0 1 1/4
I2mm,I,2,"x,-y,-z",1 0 0 0 0 -1 0 0 0 0 -1 0
I2mm,I,2,"x,-y,z",1 0 0 0 0 -1 0 0 0 0 1 0
I2cb,I,2,"x,-y,-z",1 0 0 0 0 -1 0 0 0 0 -1 0
I2cb,I,2,"1/2+x,-y,z",1 0 0 1/2 0 -1 0 0 0 0 1 0
I2mb,I,2,"x,-y,-z",1 0 0 0 0 -1 0 0 0 0 -1 0
I2mb,I,2,"x,1/2-y,z",1 0 0 0 0 -1 0 1/2 0 0 1 0
Pmaa,P,2,"-x,-y,-z",-1 0 0 0 0 -1 0 0 0 0 -1 0
Pmaa,P,2,"x,-y,-z",1 0 0 0 0 -1 0 0 0 0 -1 0
Pmaa,P,2,"1/2-x,y,-z",-1 0 0 1/2 0 1 0 0 0 0 -1 0
Pncb,P,2,"-x,1/2-y,1/2-z",-1 0 0 0 0 -1 0 1/2 0 0 -1 1/2
Pncb,P,2,"x,-y,-z",1 0 0 0 0 -1 0 0 0 0 -1 0
Pncb,P,2,"-x,y,-z",-1 0 0 0 0 1 0 0 0 0 -1 0
Pbmm,P,2,"-x,-y,-z",-1 0 0 0 0 -1 0 0 0 0 -1 0
Pbmm,P,2,"x,1/2-y,-z",1 0 0 0 0 -1 0 1/2 0 0 -1 0
Pbmm,P,2,"-x,1/2+y,-z",-1 0 0 0 0 1 0 1/2 0 0 -1 0
Pbnn,P,2,"-x,-y,-z",-1 0 0 0 0 -1 0 0 0 0 -1 0
Pbnn,P,2,"x,1/2-y,-z",1 0 0 0 0 -1 0 1/2 0 0 -1 0
Pbnn,P,2,"1/2-x,y,1/2-z",-1 0 0 1/2 0 1 0 0 0 0 -1 1/2
Pbmn,P,2,"-x,-y,-z",-1 0 0 0 0 -1 0 0 0 0 -1 0
Pbmn,P,2,"1/2+x,1/2-y,-z",1 0 0 1/2 0 -1 0 1/2 0 0 -1 0
Pbmn,P,2,"-x,y,-z",-1 0 0 0 0 1 0 0 0 0 -1 0
Pbaa,P,2,"-x,-y,-z",-1 0 0 0 0 -1 0 0 0 0 -1 0
Pbaa,P,2,"x,1/2-y,-z",1 0 0 0 0 -1 0 1/2 0 0 -1 0
Pbaa,P,2,"1/2-x,1/2+y,-z",-1 0 0 1/2 0 1 0 1/2 0 0 -1 0
Pmcb,P,2,"-x,-y,-z",-1 0 0 0 0 -1 0 0 0 0 -1 0
Pmcb,P,2,"x,-y,-z",1 0 0 0 0 -1 0 0 0 0 -1 0
Pmcb,P,2,"-x,1/2+y,1/2-z",-1 0 0 0 0 1 0 1/2 0 0 -1 1/2
Pnaa,P,2,"-x,-y,-z",-1 0 0 0 0 -1 0 0 0 0 -1 0
Pnaa,P,2,"x,1/2-y,1/2-z",1 0 0 0 0 -1 0 1/2 0 0 -1 1/2
Pnaa,P,2,"1/2-x,1/2+y,-z",-1 0 0 1/2 0 1 0 1/2 0 0 -1 0
Pmca,P,2,"-x,-y,-z",-1 0 0 0 0 -1 0 0 0 0 -1 0
Pmca,P,2,"1/2+x,-y,-z",1 0 0 1/2 0 -1 0 0 0 0 -1 0
Pmca,P,2,"-x,y,1/2-z",-1 0 0 0 0 1 0 0 0 0 -1 1/2
Pmnn,P,2,"-x,-y,-z",-1 0 0 0 0 -1 0 0 0 0 -1 0
Pmnn,P,2,"x,-y,-z",1 0 0 0 0 -1 0 0 0 0 -1 0
Pmnn,P,2,"1/2-x,1/2+y,1/2-z",-1 0 0 1/2 0 1 0 1/2 0 0 -1 1/2
Pnmm,P,2,"-x,1/2-y,1/2-z",-1 0 0 0 0 -1 0 1/2 0 0 -1 1/2
Pnmm,P,2,"x,-y,-z",1 0 0 0 0 -1 0 0 0 0 -1 0
Pnmm,P,2,"-x,1/2+y,1/2-z",-1 0 0 0 0 1 0 1/2 0 0 -1 1/2
Pnca,P,2,"-x,-y,-z",-1 0 0 0 0 -1 0 0 0 0 -1 0
Pnca,P,2,"1/2+x,1/2-y,1/2-z",1 0 0 1/2 0 -1 0 1/2 0 0 -1 1/2
Pnca,P,2,"-x,1/2+y,1/2-z",-1 0 0 0 0 1 0 1/2 0 0 -1 1/2
Pbnm,P,2,"-x,-y,-z",-1 0 0 0 0 -1 0 0 0 0 -1 0
Pbnm,P,2,"1/2+x,1/2-y,-z",1 0 0 1/2 0 -1 0 1/2 0 0 -1 0
Pbnm,P,2,"1/2-x,1/2+y,1/2-z",-1 0 0 1/2 0 1 0 1/2 0 0 -1 1/2
Amma,A,2,"-x,-y,-z",-1 0 0 0 0 -1 0 0 0 0 -1 0
Amma,A,2,"1/2+x,-y,-z",1 0 0 1/2 0 -1 0 0 0 0 -1 0
Amma,A,2,"-x,y,-z",-1 0 0 0 0 1 0 0 0 0 -1 0
Abma,A,2,"-x,-y,-z",-1 0 0 0 0 -1 0 0 0 0 -1 0
Abma,A,2,"1/2+x,-y,1/2-z",1 0 0 1/2 0 -1 0 0 0 0 -1 1/2
Abma,A,2,"-x,y,-z",-1 0 0 0 0 1 0 0 0 0 -1 0
Ammm,A,2,"-x,-y,-z",-1 0 0 0 0 -1 0 0 0 0 -1 0
Ammm,A,2,"x,-y,-z",1 0 0 0 0 -1 0 0 0 0 -1 0
Ammm,A,2,"-x,y,-z",-1 0 0 0 0 1 0 0 0 0 -1 0
Amaa,A,2,"-x,-y,-z",-1 0 0 0 0 -1 0 0 0 0 -1 0
Amaa,A,2,"x,-y,-z",1 0 0 0 0 -1 0 0 0 0 -1 0
Amaa,A,2,"1/2-x,y,-z",-1 0 0 1/2 0 1 0 0 0 0 -1 0
Abmm,A,2,"-x,-y,-z",-1 0 0 0 0 -1 0 0 0 0 -1 0
Abmm,A,2,"x,1/2-y,-z",1 0 0 0 0 -1 0 1/2 0 0 -1 0
Abmm,A,2,"-x,y,-z",-1 0 0 0 0 1 0 0 0 0 -1 0
Abaa,A,2,"1/2-x,-y,1/2-z",-1 0 0 1/2 0 -1 0 0 0 0 -1 1/2
Abaa,A,2,"x,-y,-z",1 0 0 0 0 -1 0 0 0 0 -1 0
Abaa,A,2,"-x,y,-z",-1 0 0 0 0 1 0 0 0 0 -1 0
Imcb,I,2,"-x,-y,-z",-1 0 0 0 0 -1 0 0 0 0 -1 0
Imcb,I,2,"x,-y,-z",1 0 0 0 0 -1 0 0 0 0 -1 0
Imcb,I,2,"1/2-x,y,-z",-1 0 0 1/2 0 1 0 0 0 0 -1 0
Ibmm,I,2,"-x,-y,-z",-1 0 0 0 0 -1 0 0 0 0 -1 0
Ibmm,I,2,"x,-y,1/2-z",1 0 0 0 0 -1 0 0 0 0 -1 1/2
Ibmm,I,2,"-x,y,-z",-1 0 0 0 0 1 0 0 0 0 -1 0
P22_12,P,2,"-x,1/2+y,-z",-1 0 0 0 0 1 0 1/2 0 0 -1 0
P22_12,P,2,"-x,-y,z",-1 0 0 0 0 -1 0 0 0 0 1 0
P2_122_1,P,2,"-x,y,-z",-1 0 0 0 0 1 0 0 0 0 -1 0
P2_122_1,P,2,"1/2-x,-y,1/2+z",-1 0 0 1/2 0 -1 0 0 0 0 1 1/2
B22_12,B,2,"-x,1/2+y,-z",-1 0 0 0 0 1 0 1/2 0 0 -1 0
B22_12,B,2,"-x,-y,z",-1 0 0 0 0 -1 0 0 0 0 1 0
B222,B,2,"-x,y,-z",-1 0 0 0 0 1 0 0 0 0 -1 0
B222,B,2,"-x,-y,z",-1 0 0 0 0 -1 0 0 0 0 1 0
Pm2m,P,2,"-x,y,-z",-1 0 0 0 0 1 0 0 0 0 -1 0
Pm2m,P,2,"x,y,-z",1 0 0 0 0 1 0 0 0 0 -1 0
Pb2_1m,P,2,"-x,1/2+y,-z",-1 0 0 0 0 1 0 1/2 0 0 -1 0
Pb2_1m,P,2,"x,y,-z",1 0 0 0 0 1 0 0 0 0 -1 0
Pb2b,P,2,"-x,y,-z",-1 0 0 0 0 1 0 0 0 0 -1 0
Pb2b,P,2,"x,1/2+y,-z",1 0 0 0 0 1 0 1/2 0 0 -1 0
Pc2m,P,2,"-x,y,-z",-1 0 0 0 0 1 0 0 0 0 -1 0
Pc2m,P,2,"x,y,1/2-z",1 0 0 0 0 1 0 0 0 0 -1 1/2
Pc2_1b,P,2,"-x,1/2+y,-z",-1 0 0 0 0 1 0 1/2 0 0 -1 0
Pc2_1b,P,2,"x,1/2+y,1/2-z",1 0 0 0 0 1 0 1/2 0 0 -1 1/2
Pb2n,P,2,"-x,y,-z",-1 0 0 0 0 1 0 0 0 0 -1 0
Pb2n,P,2,"1/2+x,1/2+y,-z",1 0 0 1/2 0 1 0 1/2 0 0 -1 0
Pn2_1m,P,2,"-x,1/2+y,1/2-z",-1 0 0 0 0 1 0 1/2 0 0 -1 1/2
Pn2_1m,P,2,"x,y,-z",1 0 0 0 0 1 0 0 0 0 -1 0
Pc2a,P,2,"-x,y,-z",-1 0 0 0 0 1 0 0 0 0 -1 0
Pc2a,P,2,"1/2+x,y,1/2-z",1 0 0 1/2 0 1 0 0 0 0 -1 1/2
Pc2_1n,P,2,"-x,1/2+y,-z",-1 0 0 0 0 1 0 1/2 0 0 -1 0
Pc2_1n,P,2,"1/2+x,1/2+y,1/2-z",1 0 0 1/2 0 1 0 1/2 0 0 -1 1/2
Pn2n,P,2,"-x,y,-z",-1 0 0 0 0 1 0 0 0 0 -1 0
Pn2n,P,2,"1/2+x,1/2+y,1/2-z",1 0 0 1/2 0 1 0 1/2 0 0 -1 1/2
Bm2m,B,2,"-x,y,-z",-1 0 0 0 0 1 0 0 0 0 -1 0
Bm2m,B,2,"x,y,-z",1 0 0 0 0 1 0 0 0 0 -1 0
Bb2_1m,B,2,"-x,1/2+y,-z",-1 0 0 0 0 1 0 1/2 0 0 -1 0
Bb2_1m,B,2,"x,y,-z",1 0 0 0 0 1 0 0 0 0 -1 0
Bb2b,B,2,"-x,y,-z",-1 0 0 0 0 1 0 0 0 0 -1 0
Bb2b,B,2,"x,1/2+y,-z",1 0 0 0 0 1 0 1/2 0 0 -1 0
Cm2m,C,2,"-x,y,-z",-1 0 0 0 0 1 0 0 0 0 -1 0
Cm2m,C,2,"x,y,-z",1 0 0 0 0 1 0 0 0 0 -1 0
Cm2a,C,2,"-x,y,-z",-1 0 0 0 0 1 0 0 0 0 -1 0
Cm2a,C,2,"1/2+x,y,-z",1 0 0 1/2 0 1 0 0 0 0 -1 0
Cc2m,C,2,"-x,y,-z",-1 0 0 0 0 1 0 0 0 0 -1 0
Cc2m,C,2,"x,y,1/2-z",1 0 0 0 0 1 0 0 0 0 -1 1/2
Cc2a,C,2,"-x,y,-z",-1 0 0 0 0 1 0 0 0 0 -1 0
Cc2a,C,2,"1/2+x,y,1/2-z",1 0 0 1/2 0 1 0 0 0 0 -1 1/2
Fm2m,F,2,"-x,y,-z",-1 0 0 0 0 1 0 0 0 0 -1 0
Fm2m,F,2,"x,y,-z",1 0 0 0 0 1 0 0 0 0 -1 0
Fd2d,F,2,"-x,y,-z",-1 0 0 0 0 1 0 0 0 0 -1 0
Fd2d,F,2,"1/4+x,1/4+y,1/4-z",1 0 0 1/4 0 1 0 1/4 0 0 -1 1/4
Im2m,I,2,"-x,y,-z",-1 0 0 0 0 1 0 0 0 0 -1 0
Im2m,I,2,"x,y,-z",1 0 0 0 0 1 0 0 0 0 -1 0
Ic2a,I,2,"-x,y,-z",-1 0 0 0 0 1 0 0 0 0 -1 0
Ic2a,I,2,"x,1/2+y,-z",1 0 0 0 0 1 0 1/2 0 0 -1 0
Ic2m,I,2,"-x,y,-z",-1 0 0 0 0 1 0 0 0 0 -1 0
Ic2m,I,2,"x,y,1/2-z",1 0 0 0 0 1 0 0 0 0 -1 1/2
Pbmb,P,2,"-x,-y,-z",-1 0 0 0 0 -1 0 0 0 0 -1 0
Pbmb,P,2,"-x,y,-z",-1 0 0 0 0 1 0 0 0 0 -1 0
Pbmb,P,2,"-x,1/2-y,z",-1 0 0 0 0 -1 0 1/2 0 0 1 0
Pcna,P,2,"1/2-x,-y,1/2-z",-1 0 0 1/2 0 -1 0 0 0 0 -1 1/2
Pcna,P,2,"-x,y,-z",-1 0 0 0 0 1 0 0 0 0 -1 0
Pcna,P,2,"-x,-y,z",-1 0 0 0 0 -1 0 0 0 0 1 0
Pmcm,P,2,"-x,-y,-z",-1 0 0 0 0 -1 0 0 0 0 -1 0
Pmcm,P,2,"-x,y,1/2-z",-1 0 0 0 0 1 0 0 0 0 -1 1/2
Pmcm,P,2,"-x,-y,1/2+z",-1 0 0 0 0 -1 0 0 0 0 1 1/2
Pncn,P,2,"-x,-y,-z",-1 0 0 0 0 -1 0 0 0 0 -1 0
Pncn,P,2,"-x,y,1/2-z",-1 0 0 0 0 1 0 0 0 0 -1 1/2
Pncn,P,2,"1/2-x,1/2-y,z",-1 0 0 1/2 0 -1 0 1/2 0 0 1 0
Pncm,P,2,"-x,-y,-z",-1 0 0 0 0 -1 0 0 0 0 -1 0
Pncm,P,2,"-x,1/2+y,1/2-z",-1 0 0 0 0 1 0 1/2 0 0 -1 1/2
Pncm,P,2,"-x,-y,z",-1 0 0 0 0 -1 0 0 0 0 1 0
Pbcb,P,2,"-x,-y,-z",-1 0 0 0 0 -1 0 0 0 0 -1 0
Pbcb,P,2,"-x,y,1/2-z",-1 0 0 0 0 1 0 0 0 0 -1 1/2
Pbcb,P,2,"-x,1/2-y,1/2+z",-1 0 0 0 0 -1 0 1/2 0 0 1 1/2
Pcma,P,2,"-x,-y,-z",-1 0 0 0 0 -1 0 0 0 0 -1 0
Pcma,P,2,"-x,y,-z",-1 0 0 0 0 1 0 0 0 0 -1 0
Pcma,P,2,"1/2-x,-y,1/2+z",-1 0 0 1/2 0 -1 0 0 0 0 1 1/2
Pbnb,P,2,"-x,-y,-z",-1 0 0 0 0 -1 0 0 0 0 -1 0
Pbnb,P,2,"1/2-x,y,1/2-z",-1 0 0 1/2 0 1 0 0 0 0 -1 1/2
Pbnb,P,2,"-x,1/2-y,1/2+z",-1 0 0 0 0 -1 0 1/2 0 0 1 1/2
Pbma,P,2,"-x,-y,-z",-1 0 0 0 0 -1 0 0 0 0 -1 0
Pbma,P,2,"-x,1/2+y,-z",-1 0 0 0 0 1 0 1/2 0 0 -1 0
Pbma,P,2,"1/2-x,-y,z",-1 0 0 1/2 0 -1 0 0 0 0 1 0
Pnmn,P,2,"-x,-y,-z",-1 0 0 0 0 -1 0 0 0 0 -1 0
Pnmn,P,2,"-x,y,-z",-1 0 0 0 0 1 0 0 0 0 -1 0
Pnmn,P,2,"1/2-x,1/2-y,1/2+z",-1 0 0 1/2 0 -1 0 1/2 0 0 1 1/2
Pmnm,P,2,"1/2-x,-y,1/2-z",-1 0 0 1/2 0 -1 0 0 0 0 -1 1/2
Pmnm,P,2,"-x,y,-z",-1 0 0 0 0 1 0 0 0 0 -1 0
Pmnm,P,2,"1/2-x,-y,1/2+z",-1 0 0 1/2 0 -1 0 0 0 0 1 1/2
Pbna,P,2,"-x,-y,-z",-1 0 0 0 0 -1 0 0 0 0 -1 0
Pbna,P,2,"1/2-x,1/2+y,1/2-z",-1 0 0 1/2 0 1 0 1/2 0 0 -1 1/2
Pbna,P,2,"1/2-x,-y,1/2+z",-1 0 0 1/2 0 -1 0 0 0 0 1 1/2
Pmcn,P,2,"-x,-y,-z",-1 0 0 0 0 -1 0 0 0 0 -1 0
Pmcn,P,2,"-x,1/2+y,1/2-z",-1 0 0 0 0 1 0 1/2 0 0 -1 1/2
Pmcn,P,2,"1/2-x,1/2-y,1/2+z",-1 0 0 1/2 0 -1 0 1/2 0 0 1 1/2
Bbmm,B,2,"-x,-y,-z",-1 0 0 0 0 -1 0 0 0 0 -1 0
Bbmm,B,2,"-x,1/2+y,-z",-1 0 0 0 0 1 0 1/2 0 0 -1 0
Bbmm,B,2,"-x,-y,z",-1 0 0 0 0 -1 0 0 0 0 1 0
Bbcm,B,2,"-x,-y,-z",-1 0 0 0 0 -1 0 0 0 0 -1 0
Bbcm,B,2,"1/2-x,1/2+y,-z",-1 0 0 1/2 0 1 0 1/2 0 0 -1 0
Bbcm,B,2,"-x,-y,z",-1 0 0 0 0 -1 0 0 0 0 1 0
Bmmm,B,2,"-x,-y,-z",-1 0 0 0 0 -1 0 0 0 0 -1 0
Bmmm,B,2,"-x,y,-z",-1 0 0 0 0 1 0 0 0 0 -1 0
Bmmm,B,2,"-x,-y,z",-1 0 0 0 0 -1 0 0 0 0 1 0
Bbmb,B,2,"-x,-y,-z",-1 0 0 0 0 -1 0 0 0 0 -1 0
Bbmb,B,2,"-x,y,-z",-1 0 0 0 0 1 0 0 0 0 -1 0
Bbmb,B,2,"-x,1/2-y,z",-1 0 0 0 0 -1 0 1/2 0 0 1 0
Bmcm,B,2,"-x,-y,-z",-1 0 0 0 0 -1 0 0 0 0 -1 0
Bmcm,B,2,"-x,y,1/2-z",-1 0 0 0 0 1 0 0 0 0 -1 1/2
Bmcm,B,2,"-x,-y,z",-1 0 0 0 0 -1 0 0 0 0 1 0
Bbcb,B,2,"1/2-x,1/2-y,-z",-1 0 0 1/2 0 -1 0 1/2 0 0 -1 0
Bbcb,B,2,"-x,y,-z",-1 0 0 0 0 1 0 0 0 0 -1 0
Bbcb,B,2,"-x,-y,z",-1 0 0 0 0 -1 0 0 0 0 1 0
Icma,I,2,"-x,-y,-z",-1 0 0 0 0 -1 0 0 0 0 -1 0
Icma,I,2,"-x,y,-z",-1 0 0 0 0 1 0 0 0 0 -1 0
Icma,I,2,"-x,1/2-y,z",-1 0 0 0 0 -1 0 1/2 0 0 1 0
Imcm,I,2,"-x,-y,-z",-1 0 0 0 0 -1 0 0 0 0 -1 0
Imcm,I,2,"1/2-x,y,-z",-1 0 0 1/2 0 1 0 0 0 0 -1 0
Imcm,I,2,"-x,-y,z",-1 0 0 0 0 -1 0 0 0 0 1 0
Pm2_1b,P,2,"-x,-1/2+y,-z",-1 0 0 0 0 1 0 -1/2 0 0 -1 0
Pm2_1b,P,2,"-x,y,z",-1 0 0 0 0 1 0 0 0 0 1 0
Pm2a,P,2,"-x,y,-z",-1 0 0 0 0 1 0 0 0 0 -1 0
Pm2a,P,2,"1/2-x,y,z",-1 0 0 1/2 0 1 0 0 0 0 1 0
Pb2_1a,P,2,"-x,-1/2+y,-z",-1 0 0 0 0 1 0 -1/2 0 0 -1 0
Pb2_1a,P,2,"1/2-x,-1/2+y,z",-1 0 0 1/2 0 1 0 -1/2 0 0 1 0
Pn2b,P,2,"-x,y,-z",-1 0 0 0 0 1 0 0 0 0 -1 0
Pn2b,P,2,"-x,-1/2+y,1/2+z",-1 0 0 0 0 1 0 -1/2 0 0 1 1/2
Pm2_1n,P,2,"1/2-x,-1/2+y,-z",-1 0 0 1/2 0 1 0 -1/2 0 0 -1 0
Pm2_1n,P,2,"-x,y,z",-1 0 0 0 0 1 0 0 0 0 1 0
Pn2_1a,P,2,"-x,-1/2+y,-z",-1 0 0 0 0 1 0 -1/2 0 0 -1 0
Pn2_1a,P,2,"1/2-x,-1/2+y,1/2+z",-1 0 0 1/2 0 1 0 -1/2 0 0 1 1/2
Bm2_1b,B,2,"-x,-1/2+y,-z",-1 0 0 0 0 1 0 -1/2 0 0 -1 0
Bm2_1b,B,2,"-x,y,z",-1 0 0 0 0 1 0 0 0 0 1 0
Am2m,A,2,"-x,y,-z",-1 0 0 0 0 1 0 0 0 0 -1 0
Am2m,A,2,"-x,y,z",-1 0 0 0 0 1 0 0 0 0 1 0
Ac2m,A,2,"-x,y,-z",-1 0 0 0 0 1 0 0 0 0 -1 0
Ac2m,A,2,"-x,y,1/2+z",-1 0 0 0 0 1 0 0 0 0 1 1/2
Am2a,A,2,"-x,y,-z",-1 0 0 0 0 1 0 0 0 0 -1 0
Am2a,A,2,"1/2-x,y,z",-1 0 0 1/2 0 1 0 0 0 0 1 0
Ac2a,A,2,"-x,y,-z",-1 0 0 0 0 1 0 0 0 0 -1 0
Ac2a,A,2,"1/2-x,y,1/2+z",-1 0 0 1/2 0 1 0 0 0 0 1 1/2
Im2a,I,2,"-x,y,-z",-1 0 0 0 0 1 0 0 0 0 -1 0
Im2a,I,2,"1/2-x,y,z",-1 0 0 1/2 0 1 0 0 0 0 1 0
Pmam,P,2,"-x,-y,-z",-1 0 0 0 0 -1 0 0 0 0 -1 0
Pmam,P,2,"1/2-x,y,-z",-1 0 0 1/2 0 1 0 0 0 0 -1 0
Pmam,P,2,"1/2+x,-y,-z",1 0 0 1/2 0 -1 0 0 0 0 -1 0
Pnan,P,2,"-x,-y,-z",-1 0 0 0 0 -1 0 0 0 0 -1 0
Pnan,P,2,"1/2-x,y,-z",-1 0 0 1/2 0 1 0 0 0 0 -1 0
Pnan,P,2,"x,-1/2-y,1/2-z",1 0 0 0 0 -1 0 -1/2 0 0 -1 1/2
Pman,P,2,"-x,-y,-z",-1 0 0 0 0 -1 0 0 0 0 -1 0
Pman,P,2,"1/2-x,-1/2+y,-z",-1 0 0 1/2 0 1 0 -1/2 0 0 -1 0
Pman,P,2,"x,-y,-z",1 0 0 0 0 -1 0 0 0 0 -1 0
Pbab,P,2,"-x,-y,-z",-1 0 0 0 0 -1 0 0 0 0 -1 0
Pbab,P,2,"1/2-x,y,-z",-1 0 0 1/2 0 1 0 0 0 0 -1 0
Pbab,P,2,"1/2+x,-1/2-y,-z",1 0 0 1/2 0 -1 0 -1/2 0 0 -1 0
Pcmb,P,2,"-x,-y,-z",-1 0 0 0 0 -1 0 0 0 0 -1 0
Pcmb,P,2,"-x,-1/2+y,-z",-1 0 0 0 0 1 0 -1/2 0 0 -1 0
Pcmb,P,2,"x,-y,1/2-z",1 0 0 0 0 -1 0 0 0 0 -1 1/2
Pcnb,P,2,"-x,-y,-z",-1 0 0 0 0 -1 0 0 0 0 -1 0
Pcnb,P,2,"1/2-x,-1/2+y,1/2-z",-1 0 0 1/2 0 1 0 -1/2 0 0 -1 1/2
Pcnb,P,2,"1/2+x,-y,1/2-z",1 0 0 1/2 0 -1 0 0 0 0 -1 1/2
Pcab,P,2,"-x,-y,-z",-1 0 0 0 0 -1 0 0 0 0 -1 0
Pcab,P,2,"1/2-x,-1/2+y,-z",-1 0 0 1/2 0 1 0 -1/2 0 0 -1 0
Pcab,P,2,"1/2+x,-y,1/2-z",1 0 0 1/2 0 -1 0 0 0 0 -1 1/2
Pnam,P,2,"-x,-y,-z",-1 0 0 0 0 -1 0 0 0 0 -1 0
Pnam,P,2,"1/2-x,-1/2+y,-z",-1 0 0 1/2 0 1 0 -1/2 0 0 -1 0
Pnam,P,2,"1/2+x,-1/2-y,1/2-z",1 0 0 1/2 0 -1 0 -1/2 0 0 -1 1/2
Bmmb,B,2,"-x,-y,-z",-1 0 0 0 0 -1 0 0 0 0 -1 0
Bmmb,B,2,"-x,-1/2+y,-z",-1 0 0 0 0 1 0 -1/2 0 0 -1 0
Bmmb,B,2,"x,-y,-z",1 0 0 0 0 -1 0 0 0 0 -1 0
Bmab,B,2,"-x,-y,-z",-1 0 0 0 0 -1 0 0 0 0 -1 0
Bmab,B,2,"-x,-1/2+y,1/2-z",-1 0 0 0 0 1 0 -1/2 0 0 -1 1/2
Bmab,B,2,"x,-y,-z",1 0 0 0 0 -1 0 0 0 0 -1 0
Bmam,B,2,"-x,-y,-z",-1 0 0 0 0 -1 0 0 0 0 -1 0
Bmam,B,2,"1/2-x,y,-z",-1 0 0 1/2 0 1 0 0 0 0 -1 0
Bmam,B,2,"x,-y,-z",1 0 0 0 0 -1 0 0 0 0 -1 0
Bbab,B,2,"-x,1/2-y,1/2-z",-1 0 0 0 0 -1 0 1/2 0 0 -1 1/2
Bbab,B,2,"-x,y,-z",-1 0 0 0 0 1 0 0 0 0 -1 0
Bbab,B,2,"x,-y,-z",1 0 0 0 0 -1 0 0 0 0 -1 0
Icab,I,2,"-x,-y,-z",-1 0 0 0 0 -1 0 0 0 0 -1 0
Icab,I,2,"-x,y,1/2-z",-1 0 0 0 0 1 0 0 0 0 -1 1/2
Icab,I,2,"x,1/2-y,-z",1 0 0 0 0 -1 0 1/2 0 0 -1 0
Imam,I,2,"-x,-y,-z",-1 0 0 0 0 -1 0 0 0 0 -1 0
Imam,I,2,"-x,y,1/2-z",-1 0 0 0 0 1 0 0 0 0 -1 1/2
Imam,I,2,"x,-y,-z",1 0 0 0 0 -1 0 0 0 0 -1 0
Pcm2_1,P,2,"-x,-y,1/2+z",-1 0 0 0 0 -1 0 0 0 0 1 1/2
Pcm2_1,P,2,"x,-y,z",1 0 0 0 0 -1 0 0 0 0 1 0
Pbm2,P,2,"-x,-y,z",-1 0 0 0 0 -1 0 0 0 0 1 0
Pbm2,P,2,"x,1/2-y,z",1 0 0 0 0 -1 0 1/2 0 0 1 0
Pbc2_1,P,2,"-x,-y,1/2+z",-1 0 0 0 0 -1 0 0 0 0 1 1/2
Pbc2_1,P,2,"x,1/2-y,1/2+z",1 0 0 0 0 -1 0 1/2 0 0 1 1/2
Pcn2,P,2,"-x,-y,z",-1 0 0 0 0 -1 0 0 0 0 1 0
Pcn2,P,2,"1/2+x,-y,-1/2+z",1 0 0 1/2 0 -1 0 0 0 0 1 -1/2
Pnm2_1,P,2,"-x,1/2-y,-1/2+z",-1 0 0 0 0 -1 0 1/2 0 0 1 -1/2
Pnm2_1,P,2,"x,-y,z",1 0 0 0 0 -1 0 0 0 0 1 0
Pbn2_1,P,2,"-x,-y,-1/2+z",-1 0 0 0 0 -1 0 0 0 0 1 -1/2
Pbn2_1,P,2,"1/2+x,1/2-y,-1/2+z",1 0 0 1/2 0 -1 0 1/2 0 0 1 -1/2
Ccm2_1,C,2,"-x,-y,-1/2+z",-1 0 0 0 0 -1 0 0 0 0 1 -1/2
Ccm2_1,C,2,"x,-y,z",1 0 0 0 0 -1 0 0 0 0 1 0
Bmm2,B,2,"-x,-y,z",-1 0 0 0 0 -1 0 0 0 0 1 0
Bmm2,B,2,"x,-y,z",1 0 0 0 0 -1 0 0 0 0 1 0
Bma2,B,2,"-x,-y,z",-1 0 0 0 0 -1 0 0 0 0 1 0
Bma2,B,2,"1/2+x,-y,z",1 0 0 1/2 0 -1 0 0 0 0 1 0
Bbm2,B,2,"-x,-y,z",-1 0 0 0 0 -1 0 0 0 0 1 0
Bbm2,B,2,"x,1/2-y,z",1 0 0 0 0 -1 0 1/2 0 0 1 0
Bba2,B,2,"-x,-y,z",-1 0 0 0 0 -1 0 0 0 0 1 0
Bba2,B,2,"1/2+x,1/2-y,z",1 0 0 1/2 0 -1 0 1/2 0 0 1 0
Ibm2,I,2,"-x,-y,z",-1 0 0 0 0 -1 0 0 0 0 1 0
Ibm2,I,2,"x,1/2-y,z",1 0 0 0 0 -1 0 1/2 0 0 1 0
Pmmb,P,2,"-x,-y,-z",-1 0 0 0 0 -1 0 0 0 0 -1 0
Pmmb,P,2,"-x,1/2-y,z",-1 0 0 0 0 -1 0 1/2 0 0 1 0
Pmmb,P,2,"-x,1/2+y,-z",-1 0 0 0 0 1 0 1/2 0 0 -1 0
Pnnb,P,2,"-x,-y,-z",-1 0 0 0 0 -1 0 0 0 0 -1 0
Pnnb,P,2,"-x,1/2-y,z",-1 0 0 0 0 -1 0 1/2 0 0 1 0
Pnnb,P,2,"1/2-x,y,-1/2-z",-1 0 0 1/2 0 1 0 0 0 0 -1 -1/2
Pnmb,P,2,"-x,-y,-z",-1 0 0 0 0 -1 0 0 0 0 -1 0
Pnmb,P,2,"-x,1/2-y,-1/2+z",-1 0 0 0 0 -1 0 1/2 0 0 1 -1/2
Pnmb,P,2,"-x,y,-z",-1 0 0 0 0 1 0 0 0 0 -1 0
Pccb,P,2,"-x,-y,-z",-1 0 0 0 0 -1 0 0 0 0 -1 0
Pccb,P,2,"-x,1/2-y,z",-1 0 0 0 0 -1 0 1/2 0 0 1 0
Pccb,P,2,"-x,1/2+y,-1/2-z",-1 0 0 0 0 1 0 1/2 0 0 -1 -1/2
Pcam,P,2,"-x,-y,-z",-1 0 0 0 0 -1 0 0 0 0 -1 0
Pcam,P,2,"-x,-y,-1/2+z",-1 0 0 0 0 -1 0 0 0 0 1 -1/2
Pcam,P,2,"1/2-x,y,-z",-1 0 0 1/2 0 1 0 0 0 0 -1 0
Pcan,P,2,"-x,-y,-z",-1 0 0 0 0 -1 0 0 0 0 -1 0
Pcan,P,2,"1/2-x,1/2-y,-1/2+z",-1 0 0 1/2 0 -1 0 1/2 0 0 1 -1/2
Pcan,P,2,"1/2-x,1/2+y,-z",-1 0 0 1/2 0 1 0 1/2 0 0 -1 0
Pmnb,P,2,"-x,-y,-z",-1 0 0 0 0 -1 0 0 0 0 -1 0
Pmnb,P,2,"-x,1/2-y,-1/2+z",-1 0 0 0 0 -1 0 1/2 0 0 1 -1/2
Pmnb,P,2,"1/2-x,1/2+y,-1/2-z",-1 0 0 1/2 0 1 0 1/2 0 0 -1 -1/2
Ccmm,C,2,"-x,-y,-z",-1 0 0 0 0 -1 0 0 0 0 -1 0
Ccmm,C,2,"-x,-y,-1/2+z",-1 0 0 0 0 -1 0 0 0 0 1 -1/2
Ccmm,C,2,"-x,y,-z",-1 0 0 0 0 1 0 0 0 0 -1 0
Ccmb,C,2,"-x,-y,-z",-1 0 0 0 0 -1 0 0 0 0 -1 0
Ccmb,C,2,"1/2-x,-y,1/2+z",-1 0 0 1/2 0 -1 0 0 0 0 1 1/2
Ccmb,C,2,"-x,y,-z",-1 0 0 0 0 1 0 0 0 0 -1 0
Cmmb,C,2,"-x,-y,-z",-1 0 0 0 0 -1 0 0 0 0 -1 0
Cmmb,C,2,"-x,1/2-y,z",-1 0 0 0 0 -1 0 1/2 0 0 1 0
Cmmb,C,2,"-x,y,-z",-1 0 0 0 0 1 0 0 0 0 -1 0
Cccb,C,2,"1/2-x,-y,-1/2-z",-1 0 0 1/2 0 -1 0 0 0 0 -1 -1/2
Cccb,C,2,"-x,-y,z",-1 0 0 0 0 -1 0 0 0 0 1 0
Cccb,C,2,"-x,y,-z",-1 0 0 0 0 1 0 0 0 0 -1 0
Immb,I,2,"-x,-y,-z",-1 0 0 0 0 -1 0 0 0 0 -1 0
Immb,I,2,"1/2-x,-y,z",-1 0 0 1/2 0 -1 0 0 0 0 1 0
Immb,I,2,"-x,y,-z",-1 0 0 0 0 1 0 0 0 0 -1 0
P2_1am,P,2,"-1/2+x,-y,-z",1 0 0 -1/2 0 -1 0 0 0 0 -1 0
P2_1am,P,2,"x,y,-z",1 0 0 0 0 1 0 0 0 0 -1 0
P2cm,P,2,"x,-y,-z",1 0 0 0 0 -1 0 0 0 0 -1 0
P2cm,P,2,"x,y,1/2-z",1 0 0 0 0 1 0 0 0 0 -1 1/2
P2_1ca,P,2,"1/2+x,-y,-z",1 0 0 1/2 0 -1 0 0 0 0 -1 0
P2_1ca,P,2,"1/2+x,y,1/2-z",1 0 0 1/2 0 1 0 0 0 0 -1 1/2
P2an,P,2,"x,-y,-z",1 0 0 0 0 -1 0 0 0 0 -1 0
P2an,P,2,"-1/2+x,1/2+y,-z",1 0 0 -1/2 0 1 0 1/2 0 0 -1 0
P2_1nm,P,2,"1/2+x,-y,1/2-z",1 0 0 1/2 0 -1 0 0 0 0 -1 1/2
P2_1nm,P,2,"x,y,-z",1 0 0 0 0 1 0 0 0 0 -1 0
P2_1cn,P,2,"1/2+x,-y,-z",1 0 0 1/2 0 -1 0 0 0 0 -1 0
P2_1cn,P,2,"1/2+x,1/2+y,1/2-z",1 0 0 1/2 0 1 0 1/2 0 0 -1 1/2
A2_1am,A,2,"-1/2+x,-y,-z",1 0 0 -1/2 0 -1 0 0 0 0 -1 0
A2_1am,A,2,"x,y,-z",1 0 0 0 0 1 0 0 0 0 -1 0
C2mm,C,2,"x,-y,-z",1 0 0 0 0 -1 0 0 0 0 -1 0
C2mm,C,2,"x,y,-z",1 0 0 0 0 1 0 0 0 0 -1 0
C2mb,C,2,"x,-y,-z",1 0 0 0 0 -1 0 0 0 0 -1 0
C2mb,C,2,"x,1/2+y,-z",1 0 0 0 0 1 0 1/2 0 0 -1 0
C2cm,C,2,"x,-y,-z",1 0 0 0 0 -1 0 0 0 0 -1 0
C2cm,C,2,"x,y,1/2-z",1 0 0 0 0 1 0 0 0 0 -1 1/2
C2cb,C,2,"x,-y,-z",1 0 0 0 0 -1 0 0 0 0 -1 0
C2cb,C,2,"x,1/2+y,1/2-z",1 0 0 0 0 1 0 1/2 0 0 -1 1/2
I2cm,I,2,"x,-y,-z",1 0 0 0 0 -1 0 0 0 0 -1 0
I2cm,I,2,"x,y,1/2-z",1 0 0 0 0 1 0 0 0 0 -1 1/2
Pcmm,P,2,"-x,-y,-z",-1 0 0 0 0 -1 0 0 0 0 -1 0
Pcmm,P,2,"x,-y,1/2-z",1 0 0 0 0 -1 0 0 0 0 -1 1/2
Pcmm,P,2,"-x,-y,1/2+z",-1 0 0 0 0 -1 0 0 0 0 1 1/2
Pcnn,P,2,"-x,-y,-z",-1 0 0 0 0 -1 0 0 0 0 -1 0
Pcnn,P,2,"x,-y,1/2-z",1 0 0 0 0 -1 0 0 0 0 -1 1/2
Pcnn,P,2,"-1/2-x,1/2-y,z",-1 0 0 -1/2 0 -1 0 1/2 0 0 1 0
Pcnm,P,2,"-x,-y,-z",-1 0 0 0 0 -1 0 0 0 0 -1 0
Pcnm,P,2,"-1/2+x,-y,1/2-z",1 0 0 -1/2 0 -1 0 0 0 0 -1 1/2
Pcnm,P,2,"-x,-y,z",-1 0 0 0 0 -1 0 0 0 0 1 0
Pcaa,P,2,"-x,-y,-z",-1 0 0 0 0 -1 0 0 0 0 -1 0
Pcaa,P,2,"x,-y,1/2-z",1 0 0 0 0 -1 0 0 0 0 -1 1/2
Pcaa,P,2,"-1/2-x,-y,1/2+z",-1 0 0 -1/2 0 -1 0 0 0 0 1 1/2
Pmab,P,2,"-x,-y,-z",-1 0 0 0 0 -1 0 0 0 0 -1 0
Pmab,P,2,"-1/2+x,-y,-z",1 0 0 -1/2 0 -1 0 0 0 0 -1 0
Pmab,P,2,"-x,1/2-y,z",-1 0 0 0 0 -1 0 1/2 0 0 1 0
Pnab,P,2,"-x,-y,-z",-1 0 0 0 0 -1 0 0 0 0 -1 0
Pnab,P,2,"-1/2+x,1/2-y,1/2-z",1 0 0 -1/2 0 -1 0 1/2 0 0 -1 1/2
Pnab,P,2,"-x,1/2-y,1/2+z",-1 0 0 0 0 -1 0 1/2 0 0 1 1/2
Pcmn,P,2,"-x,-y,-z",-1 0 0 0 0 -1 0 0 0 0 -1 0
Pcmn,P,2,"-1/2+x,-y,1/2-z",1 0 0 -1/2 0 -1 0 0 0 0 -1 1/2
Pcmn,P,2,"-1/2-x,1/2-y,1/2+z",-1 0 0 -1/2 0 -1 0 1/2 0 0 1 1/2
Amam,A,2,"-x,-y,-z",-1 0 0 0 0 -1 0 0 0 0 -1 0
Amam,A,2,"-1/2+x,-y,-z",1 0 0 -1/2 0 -1 0 0 0 0 -1 0
Amam,A,2,"-x,-y,z",-1 0 0 0 0 -1 0 0 0 0 1 0
Acam,A,2,"-x,-y,-z",-1 0 0 0 0 -1 0 0 0 0 -1 0
Acam,A,2,"-1/2+x,1/2-y,-z",1 0 0 -1/2 0 -1 0 1/2 0 0 -1 0
Acam,A,2,"-x,-y,z",-1 0 0 0 0 -1 0 0 0 0 1 0
Acmm,A,2,"-x,-y,-z",-1 0 0 0 0 -1 0 0 0 0 -1 0
Acmm,A,2,"x,-y,1/2-z",1 0 0 0 0 -1 0 0 0 0 -1 1/2
Acmm,A,2,"-x,-y,z",-1 0 0 0 0 -1 0 0 0 0 1 0
Acaa,A,2,"-1/2-x,1/2-y,-z",-1 0 0 -1/2 0 -1 0 1/2 0 0 -1 0
Acaa,A,2,"x,-y,-z",1 0 0 0 0 -1 0 0 0 0 -1 0
Acaa,A,2,"-x,-y,z",-1 0 0 0 0 -1 0 0 0 0 1 0
Icmm,I,2,"-x,-y,-z",-1 0 0 0 0 -1 0 0 0 0 -1 0
Icmm,I,2,"x,1/2-y,-z",1 0 0 0 0 -1 0 1/2 0 0 -1 0
Icmm,I,2,"-x,-y,z",-1 0 0 0 0 -1 0 0 0 0 1 0
Imab,I,2,"-x,-y,-z",-1 0 0 0 0 -1 0 0 0 0 -1 0
Imab,I,2,"1/2+x,-y,z",1 0 0 1/2 0 -1 0 0 0 0 1 0
Imab,I,2,"-x,y,z",-1 0 0 0 0 1 0 0 0 0 1 0
I4/m2/m2/m,I,2,"-x,-y,-z",-1 0 0 0 0 -1 0 0 0 0 -1 0
I4/m2/m2/m,I,2,"x,-y,-z",1 0 0 0 0 -1 0 0 0 0 -1 0
I4/m2/m2/m,I,4,"-y,x,z",0 -1 0 0 1 0 0 0 0 0 1 0
P-312/m,P,2,"x,x-y,-z",1 0 0 0 1 -1 0 0 0 0 -1 0
P-312/m,P,6,"y,-x+y,-z",0 1 0 0 -1 1 0 0 0 0 -1 0
P-312/c,P,2,"x,x-y,1/2-z",1 0 0 0 1 -1 0 0 0 0 -1 1/2
P-312/c,P,6,"y,-x+y,-z",0 1 0 0 -1 1 0 0 0 0 -1 0
P-32/m1,P,2,"x-y,-y,-z",1 -1 0 0 0 -1 0 0 0 0 -1 0
P-32/m1,P,6,"y,-x+y,-z",0 1 0 0 -1 1 0 0 0 0 -1 0
P-32/c1,P,2,"x-y,-y,1/2-z",1 -1 0 0 0 -1 0 0 0 0 -1 1/2
P-32/c1,P,6,"y,-x+y,-z",0 1 0 0 -1 1 0 0 0 0 -1 0
P6/m2/m2/m,P,2,"-x,-y,-z",-1 0 0 0 0 -1 0 0 0 0 -1 0
P6/m2/m2/m,P,2,"x-y,-y,-z",1 -1 0 0 0 -1 0 0 0 0 -1 0
P6/m2/m2/m,P,6,"x-y,x,z",1 -1 0 0 1 0 0 0 0 0 1 0
P6/m2/c2/c,P,2,"-x,-y,-z",-1 0 0 0 0 -1 0 0 0 0 -1 0
P6/m2/c2/c,P,2,"x-y,-y,1/2-z",1 -1 0 0 0 -1 0 0 0 0 -1 1/2
P6/m2/c2/c,P,6,"x-y,x,z",1 -1 0 0 1 0 0 0 0 0 1 0
P6_3/m2/c2,P,2,"-x,-y,-z",-1 0 0 0 0 -1 0 0 0 0 -1 0
P6_3/m2/c2,P,2,"x-y,-y,1/2-z",1 -1 0 0 0 -1 0 0 0 0 -1 1/2
P6_3/m2/c2,P,6,"x-y,x,1/2+z",1 -1 0 0 1 0 0 0 0 0 1 1/2
P6_3/m2/m2,P,2,"-x,-y,-z",-1 0 0 0 0 -1 0 0 0 0 -1 0
P6_3/m2/m2,P,2,"x-y,-y,-z",1 -1 0 0 0 -1 0 0 0 0 -1 0
P6_3/m2/m2,P,6,"x-y,x,1/2+z",1 -1 0 0 1 0 0 0 0 0 1 1/2
P2/m-3,P,2,"-x,-y,z",-1 0 0 0 0 -1 0 0 0 0 1 0
P2/m-3,P,2,"x,-y,-z",1 0 0 0 0 -1 0 0 0 0 -1 0
P2/m-3,P,6,"-z,-x,-y",0 0 -1 0 -1 0 0 0 0 -1 0 0
P2/m-3-3,P,2,"-x,-y,z",-1 0 0 0 0 -1 0 0 0 0 1 0
P2/m-3-3,P,2,"x,-y,-z",1 0 0 0 0 -1 0 0 0 0 -1 0
P2/m-3-3,P,6,"-z,-x,-y",0 0 -1 0 -1 0 0 0 0 -1 0 0
P2/n-3,P,2,"-x,-y,z",-1 0 0 0 0 -1 0 0 0 0 1 0
P2/n-3,P,2,"x,-y,-z",1 0 0 0 0 -1 0 0 0 0 -1 0
P2/n-3,P,6,"1/2-z,1/2-x,1/2-y",0 0 -1 1/2 -1 0 0 1/2 0 -1 0 1/2
P2/n-3-3,P,2,"-x,-y,z",-1 0 0 0 0 -1 0 0 0 0 1 0
P2/n-3-3,P,2,"x,-y,-z",1 0 0 0 0 -1 0 0 0 0 -1 0
P2/n-3-3,P,6,"1/2-z,1/2-x,1/2-y",0 0 -1 1/2 -1 0 0 1/2 0 -1 0 1/2
F2/m-3,F,2,"-x,-y,z",-1 0 0 0 0 -1 0 0 0 0 1 0
F2/m-3,F,2,"x,-y,-z",1 0 0 0 0 -1 0 0 0 0 -1 0
F2/m-3,F,6,"-z,-x,-y",0 0 -1 0 -1 0 0 0 0 -1 0 0
F2/m-3-3,F,2,"-x,-y,z",-1 0 0 0 0 -1 0 0 0 0 1 0
F2/m-3-3,F,2,"x,-y,-z",1 0 0 0 0 -1 0 0 0 0 -1 0
F2/m-3-3,F,6,"-z,-x,-y",0 0 -1 0 -1 0 0 0 0 -1 0 0
F2/d-3,F,2,"-x,-y,z",-1 0 0 0 0 -1 0 0 0 0 1 0
F2/d-3,F,2,"x,-y,-z",1 0 0 0 0 -1 0 0 0 0 -1 0
F2/d-3,F,6,"1/4-z,1/4-x,1/4-y",0 0 -1 1/4 -1 0 0 1/4 0 -1 0 1/4
F2/d-3-3,F,2,"-x,-y,z",-1 0 0 0 0 -1 0 0 0 0 1 0
F2/d-3-3,F,2,"x,-y,-z",1 0 0 0 0 -1 0 0 0 0 -1 0
F2/d-3-3,F,6,"1/4-z,1/4-x,1/4-y",0 0 -1 1/4 -1 0 0 1/4 0 -1 0 1/4
I2/m-3,I,2,"-x,-y,z",-1 0 0 0 0 -1 0 0 0 0 1 0
I2/m-3,I,2,"x,-y,-z",1 0 0 0 0 -1 0 0 0 0 -1 0
I2/m-3,I,6,"-z,-x,-y",0 0 -1 0 -1 0 0 0 0 -1 0 0
I2/m-3-3,I,2,"-x,-y,z",-1 0 0 0 0 -1 0 0 0 0 1 0
I2/m-3-3,I,2,"x,-y,-z",1 0 0 0 0 -1 0 0 0 0 -1 0
I2/m-3-3,I,6,"-z,-x,-y",0 0 -1 0 -1 0 0 0 0 -1 0 0
P2_1/a-3,P,2,"1/2-x,-y,1/2+z",-1 0 0 1/2 0 -1 0 0 0 0 1 1/2
P2_1/a-3,P,2,"1/2+x,1/2-y,-z",1 0 0 1/2 0 -1 0 1/2 0 0 -1 0
P2_1/a-3,P,6,"-z,-x,-y",0 0 -1 0 -1 0 0 0 0 -1 0 0
P2_1/a-3-3,P,2,"1/2-x,-y,1/2+z",-1 0 0 1/2 0 -1 0 0 0 0 1 1/2
P2_1/a-3-3,P,2,"1/2+x,1/2-y,-z",1 0 0 1/2 0 -1 0 1/2 0 0 -1 0
P2_1/a-3-3,P,6,"-z,-x,-y",0 0 -1 0 -1 0 0 0 0 -1 0 0
I2_1/a-3,I,2,"-x,1/2-y,z",-1 0 0 0 0 -1 0 1/2 0 0 1 0
I2_1/a-3,I,2,"x,-y,1/2-z",1 0 0 0 0 -1 0 0 0 0 -1 1/2
I2_1/a-3,I,6,"-z,-x,-y",0 0 -1 0 -1 0 0 0 0 -1 0 0
I2_1/a-3-3,I,2,"-x,1/2-y,z",-1 0 0 0 0 -1 0 1/2 0 0 1 0
I2_1/a-3-3,I,2,"x,-y,1/2-z",1 0 0 0 0 -1 0 0 0 0 -1 1/2
I2_1/a-3-3,I,6,"-z,-x,-y",0 0 -1 0 -1 0 0 0 0 -1 0 0
P4/m-32/m,P,6,"-z,-x,-y",0 0 -1 0 -1 0 0 0 0 -1 0 0
P4/m-32/m,P,2,"y,x,-z",0 1 0 0 1 0 0 0 0 0 -1 0
P4/m-32/m,P,4,"-y,x,z",0 -1 0 0 1 0 0 0 0 0 1 0
Pm-3m,P,6,"-z,-x,-y",0 0 -1 0 -1 0 0 0 0 -1 0 0
Pm-3m,P,2,"y,x,-z",0 1 0 0 1 0 0 0 0 0 -1 0
Pm-3m,P,4,"-y,x,z",0 -1 0 0 1 0 0 0 0 0 1 0
P4/n-32/n,P,6,"1/2-z,1/2-x,1/2-y",0 0 -1 1/2 -1 0 0 1/2 0 -1 0 1/2
P4/n-32/n,P,2,"y,x,-z",0 1 0 0 1 0 0 0 0 0 -1 0
P4/n-32/n,P,4,"-y,x,z",0 -1 0 0 1 0 0 0 0 0 1 0
P4_1/m-32/m,P,6,"-z,-x,-y",0 0 -1 0 -1 0 0 0 0 -1 0 0
P4_1/m-32/m,P,2,"1/2+y,1/2+x,1/2-z",0 1 0 1/2 1 0 0 1/2 0 0 -1 1/2
P4_1/m-32/m,P,4,"1/2-y,1/2+x,1/2+z",0 -1 0 1/2 1 0 0 1/2 0 0 1 1/2
P4_1/n-32/m,P,6,"1/2-z,1/2-x,1/2-y",0 0 -1 1/2 -1 0 0 1/2 0 -1 0 1/2
P4_1/n-32/m,P,2,"1/2+y,1/2+x,1/2-z",0 1 0 1/2 1 0 0 1/2 0 0 -1 1/2
P4_1/n-32/m,P,4,"1/2-y,1/2+x,1/2+z",0 -1 0 1/2 1 0 0 1/2 0 0 1 1/2
F4_1/d-32/m,F,6,"1/4-z,1/4-x,1/4-y",0 0 -1 1/4 -1 0 0 1/4 0 -1 0 1/4
F4_1/d-32/m,F,2,"1/4+y,1/4+x,1/4-z",0 1 0 1/4 1 0 0 1/4 0 0 -1 1/4
F4_1/d-32/m,F,4,"1/4-y,1/4+x,1/4+z",0 -1 0 1/4 1 0 0 1/4 0 0 1 1/4
P4_1/m-32/c,P,6,"-z,-x,-y",0 0 -1 0 -1 0 0 0 0 -1 0 0
P4_1/m-32/c,P,2,"1/2+y,1/2+x,1/2-z",0 1 0 1/2 1 0 0 1/2 0 0 -1 1/2
P4_1/m-32/c,P,4,"1/2-y,1/2+x,1/2+z",0 -1 0 1/2 1 0 0 1/2 0 0 1 1/2
P4_1/n-32/c,P,6,"1/2-z,1/2-x,1/2-y",0 0 -1 1/2 -1 0 0 1/2 0 -1 0 1/2
P4_1/n-32/c,P,2,"1/2+y,1/2+x,1/2-z",0 1 0 1/2 1 0 0 1/2 0 0 -1 1/2
P4_1/n-32/c,P,4,"1/2-y,1/2+x,1/2+z",0 -1 0 1/2 1 0 0 1/2 0 0 1 1/2
F4_1/d-32/c,F,6,"1/4-z,1/4-x,3/4-y",0 0 -1 1/4 -1 0 0 1/4 0 -1 0 3/4
F4_1/d-32/c,F,2,"1/4+y,1/4+x,1/4-z",0 1 0 1/4 1 0 0 1/4 0 0 -1 1/4
F4_1/d-32/c,F,4,"1/4-y,1/4+x,1/4+z",0 -1 0 1/4 1 0 0 1/4 0 0 1 1/4
F4/m-32/m,F,6,"-z,-x,-y",0 0 -1 0 -1 0 0 0 0 -1 0 0
F4/m-32/m,F,2,"y,x,-z",0 1 0 0 1 0 0 0 0 0 -1 0
F4/m-32/m,F,4,"-y,x,z",0 -1 0 0 1 0 0 0 0 0 1 0
Fm-3m,F,6,"-z,-x,-y",0 0 -1 0 -1 0 0 0 0 -1 0 0
Fm-3m,F,2,"y,x,-z",0 1 0 0 1 0 0 0 0 0 -1 0
Fm-3m,F,4,"-y,x,z",0 -1 0 0 1 0 0 0 0 0 1 0
F4/m-32/c,F,6,"-z,-x,-y",0 0 -1 0 -1 0 0 0 0 -1 0 0
F4/m-32/c,F,2,"y,x,1/2-z",0 1 0 0 1 0 0 0 0 0 -1 1/2
F4/m-32/c,F,4,"-y,x,1/2+z",0 -1 0 0 1 0 0 0 0 0 1 1/2
Fd-3m,F,6,"1/4-z,1/4-x,1/4-y",0 0 -1 1/4 -1 0 0 1/4 0 -1 0 1/4
Fd-3m,F,2,"1/4+y,1/4+x,1/4-z",0 1 0 1/4 1 0 0 1/4 0 0 -1 1/4
Fd-3m,F,4,"1/4-y,1/4+x,1/4+z",0 -1 0 1/4 1 0 0 1/4 0 0 1 1/4
I4/m-32/m,I,6,"-z,-x,-y",0 0 -1 0 -1 0 0 0 0 -1 0 0
I4/m-32/m,I,2,"y,x,-z",0 1 0 0 1 0 0 0 0 0 -1 0
I4/m-32/m,I,4,"-y,x,z",0 -1 0 0 1 0 0 0 0 0 1 0
Im-3m,I,6,"-z,-x,-y",0 0 -1 0 -1 0 0 0 0 -1 0 0
Im-3m,I,2,"y,x,-z",0 1 0 0 1 0 0 0 0 0 -1 0
Im-3m,I,4,"-y,x,z",0 -1 0 0 1 0 0 0 0 0 1 0
I4_1/a-32/d,I,6,"-z,-x,-y",0 0 -1 0 -1 0 0 0 0 -1 0 0
I4_1/a-32/d,I,2,"1/4+y,3/4+x,3/4-z",0 1 0 1/4 1 0 0 3/4 0 0 -1 3/4
I4_1/a-32/d,I,4,"3/4-y,1/4+x,3/4+z",0 -1 0 3/4 1 0 0 1/4 0 0 1 3/4
Ia-3d,I,6,"-z,-x,-y",0 0 -1 0 -1 0 0 0 0 -1 0 0
Ia-3d,I,2,"1/4+y,3/4+x,3/4-z",0 1 0 1/4 1 0 0 3/4 0 0 -1 3/4
Ia-3d,I,4,"3/4-y,1/4+x,3/4+z",0 -1 0 3/4 1 0 0 1/4 0 0 1 3/4
